"State","County","Year","Days with AQI","Good Days","Moderate Days","Unhealthy for Sensitive Groups Days","Unhealthy Days","Very Unhealthy Days","Hazardous Days","Max AQI","90th Percentile AQI","Median AQI","Days CO","Days NO2","Days Ozone","Days PM2.5","Days PM10"
"Alabama","Baldwin",2005,254,142,102,10,0,0,0,147,80,49,0,0,166,88,0
"Alabama","Barbour",2005,59,18,40,1,0,0,0,119,72,55,0,0,0,59,0
"Alabama","Clay",2005,282,156,116,10,0,0,0,136,84,49,0,0,184,98,0
"Alabama","Colbert",2005,278,149,119,10,0,0,0,126,80,49,0,0,180,98,0
"Alabama","DeKalb",2005,358,220,130,8,0,0,0,140,75,44,0,0,261,97,0
"Alabama","Elmore",2005,240,194,45,1,0,0,0,101,71,42,0,0,240,0,0
"Alabama","Escambia",2005,111,32,79,0,0,0,0,98,76,57,0,0,0,108,3
"Alabama","Etowah",2005,280,141,131,8,0,0,0,120,81,50,0,0,177,99,4
"Alabama","Houston",2005,265,158,105,2,0,0,0,124,71,47,0,0,166,99,0
"Alabama","Jackson",2005,31,31,0,0,0,0,0,39,35,28,0,7,24,0,0
"Alabama","Jefferson",2005,365,8,297,51,9,0,0,177,116,77,33,0,41,267,24
"Alabama","Lawrence",2005,283,160,117,6,0,0,0,126,80,47,0,0,191,92,0
"Alabama","Madison",2005,364,209,134,21,0,0,0,133,90,46,0,0,265,96,3
"Alabama","Marengo",2005,49,49,0,0,0,0,0,49,32,19,0,0,0,0,49
"Alabama","Mobile",2005,342,196,139,6,1,0,0,154,84,46,0,0,172,89,81
"Alabama","Montgomery",2005,285,151,132,2,0,0,0,133,77,49,0,0,174,111,0
"Alabama","Morgan",2005,283,133,131,19,0,0,0,136,93,51,0,0,186,97,0
"Alabama","Pike",2005,56,55,1,0,0,0,0,51,31,19,0,0,0,0,56
"Alabama","Russell",2005,285,135,141,8,1,0,0,156,86,52,0,0,173,112,0
"Alabama","Shelby",2005,281,123,127,28,3,0,0,179,101,54,0,0,187,94,0
"Alabama","Sumter",2005,272,187,83,2,0,0,0,117,67,44,0,0,175,97,0
"Alabama","Talladega",2005,281,180,99,2,0,0,0,110,71,44,0,0,168,112,1
"Alabama","Tuscaloosa",2005,274,141,123,9,1,0,0,164,83,50,0,0,172,102,0
"Alabama","Walker",2005,116,31,83,2,0,0,0,113,79,58,0,0,0,116,0
"Alaska","Aleutians East ",2005,121,120,1,0,0,0,0,51,22,11,0,0,0,121,0
"Alaska","Anchorage ",2005,302,257,44,0,1,0,0,151,56,25,112,0,0,98,92
"Alaska","Denali ",2005,365,361,4,0,0,0,0,93,40,32,0,0,356,9,0
"Alaska","Fairbanks North Star ",2005,225,181,41,2,1,0,0,154,73,27,134,0,0,91,0
"Alaska","Juneau ",2005,115,88,25,2,0,0,0,125,62,26,0,0,0,110,5
"Alaska","Kenai Peninsula ",2005,113,111,2,0,0,0,0,53,23,8,0,0,0,113,0
"Alaska","Matanuska-Susitna ",2005,122,93,27,2,0,0,0,124,65,27,0,0,0,108,14
"Alaska","Skagway-Hoonah-Angoon",2005,29,29,0,0,0,0,0,48,29,15,0,0,0,29,0
"Alaska","Wrangell Petersburg",2005,117,117,0,0,0,0,0,36,17,6,0,0,0,117,0
"Arizona","Apache",2005,336,334,2,0,0,0,0,63,41,24,0,0,0,35,301
"Arizona","Cochise",2005,355,219,132,4,0,0,0,108,77,47,0,0,307,42,6
"Arizona","Coconino",2005,358,238,110,9,1,0,0,159,80,47,0,0,344,14,0
"Arizona","Gila",2005,272,109,129,32,2,0,0,182,108,58,0,0,208,45,19
"Arizona","Graham",2005,53,53,0,0,0,0,0,46,31,20,0,0,0,0,53
"Arizona","La Paz",2005,130,68,56,6,0,0,0,119,90,50,0,1,129,0,0
"Arizona","Maricopa",2005,365,47,229,78,11,0,0,177,126,79,1,52,168,25,119
"Arizona","Mohave",2005,120,110,10,0,0,0,0,72,48,24,0,0,0,101,19
"Arizona","Navajo",2005,332,217,112,3,0,0,0,140,77,44,0,0,312,15,5
"Arizona","Pima",2005,365,180,167,16,2,0,0,154,84,51,0,7,265,53,40
"Arizona","Pinal",2005,365,179,147,37,2,0,0,177,101,51,0,0,312,12,41
"Arizona","Santa Cruz",2005,304,151,123,21,9,0,0,199,100,51,0,0,0,43,261
"Arizona","Yavapai",2005,158,103,43,12,0,0,0,119,90,24,0,0,58,85,15
"Arizona","Yuma",2005,316,188,113,15,0,0,0,140,80,46,0,10,176,0,130
"Arkansas","Arkansas",2005,116,36,77,3,0,0,0,128,82,58,0,0,0,116,0
"Arkansas","Ashley",2005,104,25,75,4,0,0,0,120,77,60,0,0,0,104,0
"Arkansas","Clark",2005,344,258,78,8,0,0,0,119,77,40,0,0,344,0,0
"Arkansas","Crittenden",2005,365,201,132,24,7,1,0,202,97,48,0,36,255,74,0
"Arkansas","Faulkner",2005,114,32,79,3,0,0,0,133,86,57,0,0,0,114,0
"Arkansas","Garland",2005,115,34,80,1,0,0,0,111,79,57,0,0,0,115,0
"Arkansas","Mississippi",2005,111,34,72,5,0,0,0,112,84,59,0,0,0,111,0
"Arkansas","Newton",2005,364,268,91,5,0,0,0,115,71,41,0,0,300,64,0
"Arkansas","Phillips",2005,108,38,68,2,0,0,0,119,83,57,0,0,0,108,0
"Arkansas","Polk",2005,365,210,137,18,0,0,0,129,90,44,0,0,281,84,0
"Arkansas","Pope",2005,113,26,87,0,0,0,0,99,78,59,0,0,0,113,0
"Arkansas","Pulaski",2005,365,70,251,40,4,0,0,169,101,63,0,5,116,244,0
"Arkansas","Sebastian",2005,85,29,54,2,0,0,0,107,91,59,0,0,0,85,0
"Arkansas","Union",2005,108,26,79,3,0,0,0,115,82,61,0,0,0,108,0
"Arkansas","White",2005,116,40,72,4,0,0,0,131,85,58,0,0,0,116,0
"California","Alameda",2005,365,182,169,12,2,0,0,161,78,51,0,11,139,215,0
"California","Amador",2005,365,277,66,18,4,0,0,179,87,38,14,0,351,0,0
"California","Butte",2005,365,191,135,38,1,0,0,162,105,49,0,2,272,91,0
"California","Calaveras",2005,365,243,78,38,6,0,0,182,105,44,1,0,346,18,0
"California","Colusa",2005,365,165,196,4,0,0,0,130,73,52,0,0,103,260,2
"California","Contra Costa",2005,365,259,99,7,0,0,0,134,71,41,0,22,224,119,0
"California","Del Norte",2005,131,129,2,0,0,0,0,53,30,16,0,0,0,117,14
"California","El Dorado",2005,365,238,67,37,23,0,0,197,129,43,1,0,363,0,1
"California","Fresno",2005,365,83,167,70,43,2,0,206,154,74,0,11,202,152,0
"California","Glenn",2005,364,323,41,0,0,0,0,100,51,37,0,0,354,0,10
"California","Humboldt",2005,37,26,11,0,0,0,0,93,69,32,0,0,0,35,2
"California","Imperial",2005,365,113,183,59,10,0,0,187,119,61,10,56,244,51,4
"California","Inyo",2005,365,168,127,46,9,3,12,4262,133,51,0,0,301,4,60
"California","Kern",2005,365,29,167,90,72,7,0,208,172,93,0,1,191,172,1
"California","Kings",2005,364,196,120,41,7,0,0,182,105,48,0,64,241,54,5
"California","Lake",2005,361,350,11,0,0,0,0,87,46,35,0,0,347,14,0
"California","Los Angeles",2005,365,36,191,77,48,13,0,238,166,84,2,42,162,159,0
"California","Madera",2005,362,265,79,18,0,0,0,136,87,40,0,74,288,0,0
"California","Marin",2005,365,350,15,0,0,0,0,65,42,29,3,116,203,43,0
"California","Mariposa",2005,365,40,278,41,6,0,0,177,108,61,0,0,152,213,0
"California","Mendocino",2005,365,350,15,0,0,0,0,73,43,32,2,35,297,27,4
"California","Merced",2005,364,221,99,42,2,0,0,169,108,44,0,47,258,57,2
"California","Mono",2005,250,209,27,1,4,1,8,2172,68,20,0,0,0,85,165
"California","Monterey",2005,365,344,21,0,0,0,0,84,46,35,0,26,306,29,4
"California","Napa",2005,365,361,4,0,0,0,0,90,41,31,3,81,278,0,3
"California","Nevada",2005,365,181,120,44,18,2,0,216,126,51,0,0,294,29,42
"California","Orange",2005,365,81,256,27,1,0,0,157,94,61,0,36,105,224,0
"California","Placer",2005,365,102,198,44,19,2,0,203,130,61,0,8,166,191,0
"California","Plumas",2005,363,257,104,0,2,0,0,186,68,41,0,0,196,103,64
"California","Riverside",2005,365,49,159,89,53,15,0,228,172,91,0,11,210,139,5
"California","Sacramento",2005,365,92,205,40,24,4,0,213,134,63,0,3,155,206,1
"California","San Benito",2005,365,296,65,4,0,0,0,150,71,40,0,0,358,7,0
"California","San Bernardino",2005,365,61,151,73,54,26,0,242,185,83,0,80,230,52,3
"California","San Diego",2005,365,59,251,50,5,0,0,159,111,69,0,49,179,135,2
"California","San Francisco",2005,365,232,126,7,0,0,0,122,67,42,0,27,73,265,0
"California","San Joaquin",2005,365,266,84,13,2,0,0,156,73,40,3,105,171,82,4
"California","San Luis Obispo",2005,365,276,84,5,0,0,0,150,67,42,0,17,323,23,2
"California","San Mateo",2005,365,167,191,7,0,0,0,133,74,52,0,14,82,268,1
"California","Santa Barbara",2005,365,225,127,13,0,0,0,140,84,47,0,2,333,29,1
"California","Santa Clara",2005,365,168,175,21,1,0,0,154,89,53,0,9,114,242,0
"California","Santa Cruz",2005,365,347,18,0,0,0,0,87,45,34,0,2,336,25,2
"California","Shasta",2005,365,272,75,15,3,0,0,159,84,43,0,0,348,17,0
"California","Siskiyou",2005,356,330,26,0,0,0,0,82,48,35,0,0,333,19,4
"California","Solano",2005,365,182,168,15,0,0,0,145,80,51,0,3,126,236,0
"California","Sonoma",2005,365,338,27,0,0,0,0,97,46,32,1,52,262,50,0
"California","Stanislaus",2005,365,231,94,32,8,0,0,174,105,43,2,82,214,65,2
"California","Sutter",2005,365,171,166,28,0,0,0,143,93,53,0,16,189,159,1
"California","Tehama",2005,295,188,74,32,1,0,0,151,101,43,0,0,280,0,15
"California","Trinity",2005,113,113,0,0,0,0,0,43,28,11,0,0,0,102,11
"California","Tulare",2005,365,48,168,79,66,4,0,207,163,85,0,0,178,187,0
"California","Tuolumne",2005,365,264,81,19,1,0,0,159,87,41,8,0,357,0,0
"California","Ventura",2005,365,173,130,55,7,0,0,187,119,54,0,29,287,49,0
"California","Yolo",2005,365,194,156,13,2,0,0,154,80,48,0,1,167,197,0
"Canada","New Brunswick",2005,178,173,5,0,0,0,0,87,45,31,0,0,178,0,0
"Canada","Saskatchewan",2005,315,297,18,0,0,0,0,68,38,10,0,253,0,62,0
"Colorado","Adams",2005,365,185,173,7,0,0,0,119,77,50,1,111,115,67,71
"Colorado","Alamosa",2005,364,348,16,0,0,0,0,94,39,19,0,0,0,30,334
"Colorado","Arapahoe",2005,356,239,97,19,1,0,0,151,87,44,0,0,310,46,0
"Colorado","Archuleta",2005,214,207,7,0,0,0,0,64,38,21,0,0,0,30,184
"Colorado","Boulder",2005,365,242,115,8,0,0,0,147,74,45,17,0,294,54,0
"Colorado","Delta",2005,87,71,16,0,0,0,0,65,54,31,0,0,0,56,31
"Colorado","Denver",2005,365,142,211,12,0,0,0,133,83,53,0,102,101,159,3
"Colorado","Douglas",2005,362,247,87,27,1,0,0,164,93,44,0,0,354,8,0
"Colorado","El Paso",2005,365,236,115,13,1,0,0,151,77,45,4,0,309,51,1
"Colorado","Elbert",2005,88,82,6,0,0,0,0,61,44,26,0,0,0,88,0
"Colorado","Fremont",2005,54,54,0,0,0,0,0,31,27,17,0,0,0,0,54
"Colorado","Garfield",2005,120,115,5,0,0,0,0,69,40,24,0,0,0,0,120
"Colorado","Gunnison",2005,363,205,154,4,0,0,0,109,77,48,0,0,293,8,62
"Colorado","Jackson",2005,114,114,0,0,0,0,0,32,22,9,0,0,0,114,0
"Colorado","Jefferson",2005,365,258,83,24,0,0,0,150,87,44,2,0,363,0,0
"Colorado","La Plata",2005,365,222,138,5,0,0,0,140,77,47,0,8,349,0,8
"Colorado","Larimer",2005,365,229,124,11,1,0,0,151,80,48,0,0,341,24,0
"Colorado","Mesa",2005,365,299,65,1,0,0,0,122,55,31,7,0,0,113,245
"Colorado","Montezuma",2005,364,212,142,10,0,0,0,126,84,48,0,0,363,1,0
"Colorado","Pitkin",2005,357,353,4,0,0,0,0,58,30,16,0,0,0,18,339
"Colorado","Prowers",2005,364,357,6,1,0,0,0,125,32,19,0,0,0,0,364
"Colorado","Pueblo",2005,124,97,27,0,0,0,0,67,53,37,0,0,0,115,9
"Colorado","Routt",2005,329,310,19,0,0,0,0,66,39,17,0,0,0,16,313
"Colorado","San Juan",2005,120,119,1,0,0,0,0,58,25,10,0,0,0,120,0
"Colorado","San Miguel",2005,119,116,3,0,0,0,0,61,41,21,0,0,0,56,63
"Colorado","Summit",2005,268,248,19,1,0,0,0,108,46,14,0,0,0,0,268
"Colorado","Teller",2005,360,360,0,0,0,0,0,46,28,16,0,0,0,0,360
"Colorado","Weld",2005,365,227,119,19,0,0,0,147,84,45,29,0,287,49,0
"Connecticut","Fairfield",2005,365,227,102,20,12,4,0,205,99,44,16,117,148,84,0
"Connecticut","Hartford",2005,365,190,159,11,5,0,0,195,80,50,7,36,113,209,0
"Connecticut","Litchfield",2005,300,212,64,17,7,0,0,185,87,41,0,0,236,64,0
"Connecticut","Middlesex",2005,182,132,29,15,4,2,0,205,108,43,0,0,182,0,0
"Connecticut","New Haven",2005,365,131,200,26,7,1,0,203,100,56,1,44,75,245,0
"Connecticut","New London",2005,237,142,79,13,3,0,0,169,87,46,0,0,153,84,0
"Connecticut","Tolland",2005,180,122,39,11,7,1,0,201,105,44,0,0,180,0,0
"Connecticut","Windham",2005,353,299,37,13,4,0,0,195,67,33,0,0,353,0,0
"Country Of Mexico","BAJA CALIFORNIA NORTE",2005,365,28,187,114,28,7,1,421,150,93,26,39,150,0,150
"Country Of Mexico","CHIHUAHUA STATE",2005,365,225,108,27,5,0,0,180,97,45,88,0,226,0,51
"Country Of Mexico","SONORA",2005,62,16,43,3,0,0,0,143,88,60,0,0,0,0,62
"Delaware","Kent",2005,265,131,112,20,2,0,0,154,97,51,0,0,180,85,0
"Delaware","New Castle",2005,365,91,240,27,7,0,0,200,97,61,0,15,90,259,1
"Delaware","Sussex",2005,263,118,115,23,6,1,0,206,105,54,0,0,184,79,0
"District Of Columbia","District of Columbia",2005,365,83,252,26,4,0,0,169,97,62,0,29,70,264,2
"Florida","Alachua",2005,365,242,114,9,0,0,0,126,74,43,0,0,280,83,2
"Florida","Baker",2005,362,317,45,0,0,0,0,97,54,34,0,0,362,0,0
"Florida","Bay",2005,360,235,110,15,0,0,0,147,80,43,0,0,271,78,11
"Florida","Brevard",2005,365,289,69,7,0,0,0,126,64,39,0,0,290,68,7
"Florida","Broward",2005,358,197,159,2,0,0,0,140,64,48,3,10,70,275,0
"Florida","Citrus",2005,121,74,46,1,0,0,0,103,61,44,0,0,0,121,0
"Florida","Collier",2005,363,200,161,2,0,0,0,119,62,48,0,0,91,272,0
"Florida","Columbia",2005,363,296,60,7,0,0,0,126,67,36,0,0,363,0,0
"Florida","Duval",2005,365,66,283,14,2,0,0,157,85,58,0,0,65,300,0
"Florida","Escambia",2005,364,73,257,33,1,0,0,154,100,60,0,0,109,255,0
"Florida","Hamilton",2005,359,351,8,0,0,0,0,83,29,15,0,0,0,0,359
"Florida","Highlands",2005,358,314,39,5,0,0,0,112,58,37,0,0,358,0,0
"Florida","Hillsborough",2005,365,48,287,27,3,0,0,164,97,59,0,0,91,270,4
"Florida","Holmes",2005,355,287,66,2,0,0,0,105,67,37,0,0,355,0,0
"Florida","Indian River",2005,343,285,52,6,0,0,0,136,71,38,0,0,343,0,0
"Florida","Lake",2005,360,161,189,9,1,0,0,154,76,52,0,0,108,252,0
"Florida","Lee",2005,364,286,74,4,0,0,0,140,61,39,0,0,289,69,6
"Florida","Leon",2005,365,66,286,11,2,0,0,161,84,59,0,0,61,304,0
"Florida","Liberty",2005,360,305,53,2,0,0,0,122,58,35,0,0,360,0,0
"Florida","Manatee",2005,365,254,96,15,0,0,0,143,77,41,0,7,295,55,8
"Florida","Marion",2005,363,256,99,8,0,0,0,136,71,40,0,0,277,86,0
"Florida","Miami-Dade",2005,365,58,300,6,1,0,0,164,77,57,0,2,49,314,0
"Florida","Nassau",2005,322,313,7,1,1,0,0,175,38,22,0,0,0,0,322
"Florida","Orange",2005,365,128,223,10,4,0,0,182,77,54,1,0,83,281,0
"Florida","Osceola",2005,343,287,46,10,0,0,0,119,61,34,0,0,343,0,0
"Florida","Palm Beach",2005,350,220,129,1,0,0,0,105,63,44,0,11,98,239,2
"Florida","Pasco",2005,365,274,75,16,0,0,0,140,80,41,0,0,365,0,0
"Florida","Pinellas",2005,365,88,262,13,2,0,0,184,80,56,0,0,58,306,1
"Florida","Polk",2005,365,254,101,10,0,0,0,150,71,41,0,0,277,81,7
"Florida","Putnam",2005,326,320,6,0,0,0,0,57,35,21,0,0,0,0,326
"Florida","Santa Rosa",2005,281,182,82,17,0,0,0,150,97,45,0,0,281,0,0
"Florida","Sarasota",2005,365,251,97,16,1,0,0,151,77,43,0,0,302,60,3
"Florida","Seminole",2005,365,250,102,13,0,0,0,140,69,42,0,0,269,91,5
"Florida","St. Lucie",2005,352,213,136,3,0,0,0,121,67,45,0,5,130,217,0
"Florida","Volusia",2005,365,279,83,3,0,0,0,133,61,39,0,0,268,82,15
"Florida","Wakulla",2005,345,247,94,4,0,0,0,112,69,41,0,0,266,79,0
"Georgia","Bibb",2005,363,94,239,28,2,0,0,177,95,60,0,0,107,256,0
"Georgia","Charlton",2005,120,84,36,0,0,0,0,98,62,37,0,0,0,120,0
"Georgia","Chatham",2005,365,92,268,5,0,0,0,138,80,58,0,0,46,318,1
"Georgia","Chattooga",2005,261,190,57,14,0,0,0,150,80,43,0,0,243,0,18
"Georgia","Clarke",2005,364,101,246,15,2,0,0,161,90,59,0,0,83,281,0
"Georgia","Clayton",2005,112,19,90,3,0,0,0,117,82,61,0,0,0,112,0
"Georgia","Cobb",2005,286,116,143,26,1,0,0,154,100,56,0,0,185,101,0
"Georgia","Coffee",2005,59,25,34,0,0,0,0,97,74,52,0,0,0,59,0
"Georgia","Columbia",2005,238,200,32,6,0,0,0,133,67,33,0,0,238,0,0
"Georgia","Coweta",2005,338,107,203,27,1,0,0,163,93,58,0,0,64,274,0
"Georgia","Dawson",2005,235,164,59,11,1,0,0,159,84,43,0,0,235,0,0
"Georgia","DeKalb",2005,365,55,276,30,4,0,0,197,100,63,0,3,69,293,0
"Georgia","Dougherty",2005,116,34,81,1,0,0,0,107,78,58,0,0,0,111,5
"Georgia","Douglas",2005,263,153,74,29,7,0,0,197,112,47,0,0,243,0,20
"Georgia","Fayette",2005,245,142,73,26,4,0,0,179,108,47,0,0,245,0,0
"Georgia","Floyd",2005,121,17,98,6,0,0,0,116,84,66,0,0,0,120,1
"Georgia","Fulton",2005,365,45,277,38,4,1,0,209,105,64,0,13,70,281,1
"Georgia","Glynn",2005,281,175,105,1,0,0,0,127,66,44,0,0,172,109,0
"Georgia","Gwinnett",2005,361,98,235,28,0,0,0,150,97,60,0,0,89,272,0
"Georgia","Hall",2005,112,25,85,2,0,0,0,107,76,58,0,0,0,112,0
"Georgia","Henry",2005,361,103,220,32,5,1,0,205,101,58,0,0,84,277,0
"Georgia","Houston",2005,56,14,42,0,0,0,0,94,75,57,0,0,0,56,0
"Georgia","Lowndes",2005,55,18,37,0,0,0,0,90,73,55,0,0,0,55,0
"Georgia","Murray",2005,277,158,100,18,1,0,0,151,93,47,0,0,201,76,0
"Georgia","Muscogee",2005,365,101,249,15,0,0,0,150,85,59,0,0,68,296,1
"Georgia","Paulding",2005,365,107,233,24,1,0,0,154,90,58,1,3,80,281,0
"Georgia","Pike",2005,360,268,75,17,0,0,0,150,87,39,0,0,360,0,0
"Georgia","Richmond",2005,365,70,267,26,2,0,0,156,94,61,0,0,78,286,1
"Georgia","Rockdale",2005,358,262,67,25,4,0,0,182,97,35,0,117,241,0,0
"Georgia","Spalding",2005,59,58,1,0,0,0,0,59,30,16,0,0,0,0,59
"Georgia","Sumter",2005,244,175,65,4,0,0,0,140,80,42,0,0,244,0,0
"Georgia","Walker",2005,63,9,52,2,0,0,0,104,84,63,0,0,0,63,0
"Georgia","Walton",2005,279,79,194,5,1,0,0,154,80,57,0,0,0,279,0
"Georgia","Washington",2005,62,18,43,1,0,0,0,101,77,59,0,0,0,57,5
"Georgia","Wilkinson",2005,116,17,96,3,0,0,0,110,83,59,0,0,0,116,0
"Hawaii","Hawaii",2005,113,100,13,0,0,0,0,88,55,8,0,0,0,113,0
"Hawaii","Honolulu",2005,365,343,19,2,1,0,0,174,43,26,2,12,156,159,36
"Hawaii","Kauai",2005,220,220,0,0,0,0,0,28,22,13,0,0,0,0,220
"Hawaii","Maui",2005,345,328,16,1,0,0,0,101,41,21,0,0,0,62,283
"Idaho","Ada",2005,365,226,131,8,0,0,0,147,74,44,7,0,132,218,8
"Idaho","Bannock",2005,353,299,51,3,0,0,0,122,59,19,0,0,0,236,117
"Idaho","Benewah",2005,362,274,86,2,0,0,0,126,57,38,0,0,0,362,0
"Idaho","Bingham",2005,26,24,2,0,0,0,0,62,47,19,0,0,0,0,26
"Idaho","Boise",2005,361,209,151,1,0,0,0,109,68,43,0,0,0,361,0
"Idaho","Bonner",2005,339,327,12,0,0,0,0,62,30,14,0,0,0,0,339
"Idaho","Bonneville",2005,318,310,8,0,0,0,0,81,38,27,0,0,0,318,0
"Idaho","Boundary",2005,53,45,8,0,0,0,0,83,55,28,0,0,0,53,0
"Idaho","Butte",2005,111,111,0,0,0,0,0,38,24,11,0,0,0,111,0
"Idaho","Canyon",2005,365,237,118,9,1,0,0,151,74,44,21,0,117,200,27
"Idaho","Custer",2005,110,109,1,0,0,0,0,71,27,11,0,0,0,110,0
"Idaho","Elmore",2005,152,104,48,0,0,0,0,84,67,47,0,0,152,0,0
"Idaho","Franklin",2005,314,235,57,14,8,0,0,171,79,31,0,0,0,314,0
"Idaho","Gem",2005,60,38,21,1,0,0,0,134,75,38,0,0,0,60,0
"Idaho","Idaho",2005,350,304,44,1,1,0,0,170,55,22,0,0,0,350,0
"Idaho","Kootenai",2005,365,182,182,1,0,0,0,105,70,51,0,0,92,269,4
"Idaho","Latah",2005,353,336,17,0,0,0,0,74,41,20,0,0,0,353,0
"Idaho","Lemhi",2005,298,185,107,5,1,0,0,151,70,38,0,0,0,298,0
"Idaho","Nez Perce",2005,331,295,36,0,0,0,0,71,51,27,0,0,0,331,0
"Idaho","Power",2005,363,183,176,2,2,0,0,170,63,50,0,0,0,351,12
"Idaho","Shoshone",2005,356,183,161,8,4,0,0,182,86,48,0,0,0,342,14
"Idaho","Twin Falls",2005,326,256,68,2,0,0,0,114,57,36,0,0,0,326,0
"Idaho","Valley",2005,328,216,109,3,0,0,0,132,63,39,0,0,0,328,0
"Illinois","Adams",2005,365,257,93,15,0,0,0,122,87,40,0,0,326,39,0
"Illinois","Champaign",2005,365,224,119,22,0,0,0,143,87,44,0,0,281,84,0
"Illinois","Clark",2005,205,156,45,4,0,0,0,112,77,42,0,0,205,0,0
"Illinois","Cook",2005,365,57,257,38,11,2,0,208,108,67,0,94,71,198,2
"Illinois","DuPage",2005,361,277,75,8,1,0,0,164,71,31,0,0,306,55,0
"Illinois","Effingham",2005,215,141,67,7,0,0,0,119,84,44,0,0,215,0,0
"Illinois","Hamilton",2005,216,118,87,11,0,0,0,136,93,49,0,0,191,25,0
"Illinois","Jackson",2005,57,56,1,0,0,0,0,51,33,22,0,0,0,0,57
"Illinois","Jersey",2005,227,121,84,18,4,0,0,159,100,48,0,0,188,39,0
"Illinois","Jo Daviess",2005,361,280,62,18,1,0,0,151,80,36,0,0,361,0,0
"Illinois","Kane",2005,365,264,83,13,5,0,0,166,84,35,0,0,310,55,0
"Illinois","La Salle",2005,365,275,88,2,0,0,0,130,61,30,0,0,0,109,256
"Illinois","Lake",2005,365,274,69,16,6,0,0,179,84,36,0,0,327,38,0
"Illinois","Macon",2005,365,248,98,19,0,0,0,136,87,39,0,0,319,46,0
"Illinois","Macoupin",2005,365,277,75,12,1,0,0,151,84,37,0,0,357,0,8
"Illinois","Madison",2005,365,145,173,36,11,0,0,197,108,58,0,0,190,110,65
"Illinois","McHenry",2005,363,240,99,20,4,0,0,172,88,39,0,0,281,82,0
"Illinois","McLean",2005,364,254,95,15,0,0,0,140,86,40,0,0,327,37,0
"Illinois","Peoria",2005,365,228,121,16,0,0,0,133,85,43,27,0,249,89,0
"Illinois","Randolph",2005,362,255,100,7,0,0,0,129,80,41,0,0,321,41,0
"Illinois","Rock Island",2005,365,296,64,5,0,0,0,136,61,35,0,0,325,40,0
"Illinois","Saint Clair",2005,365,208,128,24,4,1,0,205,90,46,2,86,180,96,1
"Illinois","Sangamon",2005,365,255,95,15,0,0,0,126,84,39,9,0,313,43,0
"Illinois","Will",2005,321,209,100,12,0,0,0,140,84,42,0,1,270,49,1
"Illinois","Winnebago",2005,365,273,82,10,0,0,0,135,77,35,18,0,303,44,0
"Indiana","Allen",2005,365,102,226,32,5,0,0,164,101,58,6,0,82,277,0
"Indiana","Boone",2005,183,97,59,26,1,0,0,156,115,50,0,0,183,0,0
"Indiana","Carroll",2005,154,87,55,12,0,0,0,119,100,48,0,0,154,0,0
"Indiana","Clark",2005,259,101,126,29,3,0,0,182,108,58,0,0,157,99,3
"Indiana","Delaware",2005,216,82,110,21,3,0,0,182,103,60,0,0,128,88,0
"Indiana","Dubois",2005,120,19,95,5,1,0,0,152,89,63,0,0,0,120,0
"Indiana","Elkhart",2005,241,90,125,21,5,0,0,172,101,59,0,0,157,84,0
"Indiana","Floyd",2005,255,106,127,20,2,0,0,166,100,55,0,0,158,97,0
"Indiana","Greene",2005,183,90,70,23,0,0,0,147,108,51,0,0,183,0,0
"Indiana","Hamilton",2005,183,96,58,25,4,0,0,182,115,49,0,0,183,0,0
"Indiana","Hancock",2005,182,103,53,25,1,0,0,156,105,48,0,0,182,0,0
"Indiana","Hendricks",2005,365,287,59,18,1,0,0,154,84,34,8,181,169,0,7
"Indiana","Henry",2005,111,24,81,5,1,0,0,157,89,59,0,0,0,111,0
"Indiana","Howard",2005,111,29,79,3,0,0,0,121,88,60,0,0,0,111,0
"Indiana","Huntington",2005,171,95,60,16,0,0,0,140,97,48,0,0,171,0,0
"Indiana","Jackson",2005,183,91,69,23,0,0,0,150,108,51,0,0,183,0,0
"Indiana","Johnson",2005,183,104,69,9,1,0,0,164,90,48,0,0,183,0,0
"Indiana","Knox",2005,351,216,113,22,0,0,0,140,84,44,0,0,263,88,0
"Indiana","LaPorte",2005,241,95,118,24,4,0,0,179,105,57,0,0,151,90,0
"Indiana","Lake",2005,365,44,276,36,9,0,0,198,108,64,0,4,68,290,3
"Indiana","Madison",2005,237,108,106,22,1,0,0,161,100,58,0,0,155,75,7
"Indiana","Marion",2005,365,50,275,36,4,0,0,159,105,67,0,1,67,297,0
"Indiana","Morgan",2005,183,95,67,21,0,0,0,147,101,50,0,0,183,0,0
"Indiana","Perry",2005,209,100,70,35,4,0,0,156,112,54,0,0,175,0,34
"Indiana","Porter",2005,364,208,124,25,6,1,0,204,94,44,0,0,146,85,133
"Indiana","Posey",2005,176,98,61,17,0,0,0,150,100,47,0,0,176,0,0
"Indiana","Putnam",2005,15,14,1,0,0,0,0,53,38,16,0,0,0,0,15
"Indiana","Shelby",2005,183,97,66,20,0,0,0,147,101,50,0,0,183,0,0
"Indiana","Spencer",2005,55,10,42,3,0,0,0,114,90,62,0,0,0,55,0
"Indiana","St. Joseph",2005,333,172,125,31,5,0,0,177,101,49,0,93,157,83,0
"Indiana","Tippecanoe",2005,298,78,205,14,1,0,0,154,85,58,0,0,0,298,0
"Indiana","Vanderburgh",2005,365,60,265,39,1,0,0,161,101,61,0,0,70,295,0
"Indiana","Vigo",2005,244,109,118,17,0,0,0,150,97,54,0,0,149,95,0
"Indiana","Wabash",2005,358,274,67,17,0,0,0,126,84,37,0,0,358,0,0
"Indiana","Warrick",2005,183,75,78,29,1,0,0,177,115,58,0,0,183,0,0
"Indiana","Washington",2005,119,37,80,2,0,0,0,119,81,56,0,0,0,119,0
"Indiana","Whitley",2005,58,46,12,0,0,0,0,73,59,27,0,0,0,0,58
"Iowa","Black Hawk",2005,121,58,61,2,0,0,0,145,78,52,0,0,0,115,6
"Iowa","Bremer",2005,199,149,47,3,0,0,0,126,74,43,0,0,199,0,0
"Iowa","Cerro Gordo",2005,365,308,56,1,0,0,0,105,54,29,0,0,0,0,365
"Iowa","Clinton",2005,323,197,107,18,1,0,0,154,82,43,0,0,175,87,61
"Iowa","Delaware",2005,57,57,0,0,0,0,0,44,28,14,0,0,0,0,57
"Iowa","Harrison",2005,214,140,59,15,0,0,0,143,97,45,0,0,214,0,0
"Iowa","Johnson",2005,122,43,74,5,0,0,0,131,77,55,0,0,0,122,0
"Iowa","Lee",2005,120,118,2,0,0,0,0,52,33,19,0,0,0,0,120
"Iowa","Linn",2005,365,170,182,13,0,0,0,133,82,52,6,0,121,237,1
"Iowa","Montgomery",2005,313,225,86,2,0,0,0,121,64,36,0,0,128,113,72
"Iowa","Muscatine",2005,304,219,80,5,0,0,0,121,68,31,0,0,0,120,184
"Iowa","Palo Alto",2005,355,288,65,2,0,0,0,114,58,36,0,0,163,78,114
"Iowa","Polk",2005,365,170,185,10,0,0,0,134,77,52,0,22,96,242,5
"Iowa","Pottawattamie",2005,355,237,117,1,0,0,0,141,66,37,0,0,0,113,242
"Iowa","Scott",2005,365,87,249,29,0,0,0,140,93,61,0,1,86,192,86
"Iowa","Story",2005,214,189,24,1,0,0,0,105,51,37,0,0,214,0,0
"Iowa","Van Buren",2005,365,264,98,3,0,0,0,142,69,39,0,0,160,102,103
"Iowa","Warren",2005,207,170,31,6,0,0,0,122,74,39,0,0,207,0,0
"Iowa","Woodbury",2005,124,65,58,1,0,0,0,130,71,49,0,0,0,118,6
"Iowa","Wright",2005,112,57,54,1,0,0,0,141,73,50,0,0,0,112,0
"Kansas","Brown",2005,121,60,60,1,0,0,0,102,70,51,0,0,0,121,0
"Kansas","Chase",2005,116,69,47,0,0,0,0,96,66,41,0,0,0,116,0
"Kansas","Douglas",2005,359,285,64,9,1,0,0,156,74,37,0,0,359,0,0
"Kansas","Ford",2005,61,60,1,0,0,0,0,51,27,15,0,0,0,0,61
"Kansas","Johnson",2005,360,214,131,15,0,0,0,150,80,47,0,0,274,86,0
"Kansas","Leavenworth",2005,364,278,66,19,1,0,0,177,84,37,0,0,364,0,0
"Kansas","Linn",2005,359,228,119,12,0,0,0,126,80,44,7,8,274,70,0
"Kansas","Montgomery",2005,365,358,7,0,0,0,0,52,31,13,0,0,0,0,365
"Kansas","Neosho",2005,56,55,1,0,0,0,0,51,37,21,0,0,0,0,56
"Kansas","Riley",2005,363,263,82,17,1,0,0,154,80,41,0,0,363,0,0
"Kansas","Sedgwick",2005,365,228,126,11,0,0,0,140,80,44,5,49,203,82,26
"Kansas","Shawnee",2005,121,50,70,1,0,0,0,112,71,53,0,0,0,119,2
"Kansas","Sherman",2005,43,43,0,0,0,0,0,40,35,19,0,0,0,0,43
"Kansas","Sumner",2005,365,230,123,12,0,0,0,147,80,44,0,34,263,68,0
"Kansas","Trego",2005,344,258,80,6,0,0,0,112,71,42,0,0,308,36,0
"Kansas","Wyandotte",2005,365,222,123,17,2,1,0,210,85,44,4,116,146,97,2
"Kentucky","Bell",2005,234,124,99,11,0,0,0,136,83,49,0,0,184,50,0
"Kentucky","Boone",2005,234,147,62,25,0,0,0,140,105,43,0,0,234,0,0
"Kentucky","Boyd",2005,363,188,150,24,1,0,0,154,90,50,0,84,171,106,2
"Kentucky","Bullitt",2005,358,206,131,21,0,0,0,143,87,46,0,83,145,99,31
"Kentucky","Campbell",2005,365,209,115,33,7,1,0,201,105,46,0,87,179,88,11
"Kentucky","Carter",2005,278,150,110,17,1,0,0,154,90,49,0,0,186,92,0
"Kentucky","Christian",2005,286,132,133,21,0,0,0,150,90,53,0,0,195,91,0
"Kentucky","Daviess",2005,364,196,132,34,2,0,0,154,100,47,0,84,150,96,34
"Kentucky","Edmonson",2005,364,209,135,20,0,0,0,140,88,47,0,0,281,83,0
"Kentucky","Fayette",2005,362,206,141,14,1,0,0,167,84,47,0,103,148,111,0
"Kentucky","Franklin",2005,118,30,84,4,0,0,0,134,82,56,0,0,0,118,0
"Kentucky","Greenup",2005,245,165,68,12,0,0,0,147,93,44,0,0,245,0,0
"Kentucky","Hancock",2005,244,163,74,7,0,0,0,126,84,45,0,0,244,0,0
"Kentucky","Hardin",2005,285,130,129,26,0,0,0,143,97,53,0,0,188,94,3
"Kentucky","Henderson",2005,361,220,120,21,0,0,0,147,90,45,0,0,187,89,85
"Kentucky","Jefferson",2005,365,50,268,44,3,0,0,164,106,66,0,1,69,295,0
"Kentucky","Jessamine",2005,245,147,75,23,0,0,0,140,97,47,0,0,245,0,0
"Kentucky","Kenton",2005,285,132,120,30,3,0,0,164,101,53,0,0,179,106,0
"Kentucky","Laurel",2005,71,14,55,1,1,0,0,153,83,59,0,0,0,68,3
"Kentucky","Livingston",2005,235,147,72,15,1,0,0,154,87,46,0,0,235,0,0
"Kentucky","Madison",2005,124,36,87,1,0,0,0,118,80,58,0,0,0,115,9
"Kentucky","Marshall",2005,14,14,0,0,0,0,0,50,31,13,0,0,0,0,14
"Kentucky","McCracken",2005,365,207,138,20,0,0,0,143,87,45,0,64,169,106,26
"Kentucky","McLean",2005,239,148,75,16,0,0,0,133,93,46,0,0,239,0,0
"Kentucky","Morgan",2005,361,266,79,16,0,0,0,136,80,39,0,0,361,0,0
"Kentucky","Ohio",2005,246,143,96,7,0,0,0,122,86,47,0,0,207,39,0
"Kentucky","Oldham",2005,245,129,72,40,4,0,0,172,119,49,0,0,245,0,0
"Kentucky","Perry",2005,265,143,112,10,0,0,0,133,84,48,0,0,206,59,0
"Kentucky","Pike",2005,355,247,105,3,0,0,0,121,71,41,0,0,162,110,83
"Kentucky","Pulaski",2005,263,176,76,11,0,0,0,126,84,44,0,0,243,0,20
"Kentucky","Simpson",2005,245,150,76,18,1,0,0,159,93,47,0,0,245,0,0
"Kentucky","Trigg",2005,361,214,126,21,0,0,0,133,87,46,0,0,290,71,0
"Kentucky","Warren",2005,365,206,144,15,0,0,0,122,87,47,0,71,177,99,18
"Kentucky","Washington",2005,363,257,86,19,1,0,0,161,84,39,0,0,363,0,0
"Louisiana","Ascension",2005,357,265,75,15,2,0,0,169,80,40,0,35,322,0,0
"Louisiana","Beauregard",2005,364,299,59,6,0,0,0,122,64,40,0,0,364,0,0
"Louisiana","Bossier",2005,364,139,206,18,1,0,0,161,84,54,0,0,130,234,0
"Louisiana","Caddo",2005,357,200,134,22,1,0,0,154,90,46,0,0,273,84,0
"Louisiana","Calcasieu",2005,348,108,215,22,3,0,0,164,92,57,0,2,105,241,0
"Louisiana","Concordia",2005,59,17,42,0,0,0,0,95,74,55,0,0,0,59,0
"Louisiana","East Baton Rouge",2005,365,65,253,35,12,0,0,192,105,61,0,6,111,248,0
"Louisiana","Grant",2005,218,175,39,4,0,0,0,119,71,41,0,0,218,0,0
"Louisiana","Iberville",2005,365,186,132,37,10,0,0,200,112,50,0,12,280,73,0
"Louisiana","Jefferson",2005,353,90,239,22,2,0,0,154,94,59,1,3,104,245,0
"Louisiana","Lafayette",2005,308,173,117,16,2,0,0,159,93,47,0,0,218,90,0
"Louisiana","Lafourche",2005,360,133,203,23,1,0,0,154,93,55,0,0,129,231,0
"Louisiana","Livingston",2005,361,139,207,14,1,0,0,156,84,55,0,1,135,225,0
"Louisiana","Orleans",2005,311,99,209,3,0,0,0,136,76,56,1,19,31,260,0
"Louisiana","Ouachita",2005,362,206,128,27,1,0,0,154,97,46,0,0,288,74,0
"Louisiana","Plaquemines",2005,110,48,62,0,0,0,0,87,64,52,0,0,0,110,0
"Louisiana","Pointe Coupee",2005,323,225,77,17,3,1,0,201,80,41,0,0,323,0,0
"Louisiana","Rapides",2005,112,44,68,0,0,0,0,95,70,53,0,0,0,112,0
"Louisiana","St. Bernard",2005,274,151,109,13,1,0,0,159,77,48,0,0,194,80,0
"Louisiana","St. Charles",2005,349,262,77,10,0,0,0,136,75,38,0,0,329,18,2
"Louisiana","St. James",2005,357,272,74,10,1,0,0,156,77,37,0,0,357,0,0
"Louisiana","St. John the Baptist",2005,354,272,71,10,1,0,0,151,77,39,0,0,354,0,0
"Louisiana","St. Mary",2005,358,270,70,18,0,0,0,136,87,39,0,0,358,0,0
"Louisiana","St. Tammany",2005,39,7,32,0,0,0,0,92,82,59,0,0,0,39,0
"Louisiana","Tangipahoa",2005,116,39,75,2,0,0,0,119,80,57,0,0,0,116,0
"Louisiana","Terrebonne",2005,121,57,64,0,0,0,0,93,69,52,0,0,0,121,0
"Louisiana","West Baton Rouge",2005,365,69,280,12,4,0,0,179,89,59,0,4,66,293,2
"Louisiana","Winn",2005,120,57,63,0,0,0,0,99,69,52,0,0,0,120,0
"Maine","Androscoggin",2005,171,153,16,2,0,0,0,150,51,29,0,0,140,0,31
"Maine","Aroostook",2005,365,341,24,0,0,0,0,97,47,32,0,0,318,30,17
"Maine","Cumberland",2005,365,310,47,8,0,0,0,143,56,37,0,131,190,38,6
"Maine","Hancock",2005,365,304,44,14,3,0,0,172,61,37,0,0,349,16,0
"Maine","Kennebec",2005,213,190,20,3,0,0,0,143,51,33,0,0,183,0,30
"Maine","Knox",2005,162,140,15,6,1,0,0,192,64,37,0,0,162,0,0
"Maine","Oxford",2005,183,176,6,1,0,0,0,101,48,32,0,0,183,0,0
"Maine","Penobscot",2005,364,318,44,2,0,0,0,108,52,34,0,0,312,51,1
"Maine","Sagadahoc",2005,167,139,22,5,1,0,0,159,77,36,0,0,167,0,0
"Maine","Washington",2005,340,313,25,1,1,0,0,159,49,34,0,0,310,30,0
"Maine","York",2005,183,134,36,13,0,0,0,147,90,42,0,1,182,0,0
"Maryland","Anne Arundel",2005,338,199,111,20,8,0,0,172,97,44,0,0,162,100,76
"Maryland","Baltimore",2005,365,99,233,26,6,1,0,208,99,61,2,9,101,251,2
"Maryland","Baltimore (City)",2005,365,27,321,17,0,0,0,136,90,65,0,8,0,356,1
"Maryland","Calvert",2005,194,129,48,15,2,0,0,166,97,44,0,0,194,0,0
"Maryland","Carroll",2005,212,129,58,21,4,0,0,164,101,47,0,0,212,0,0
"Maryland","Cecil",2005,262,128,105,20,8,1,0,206,105,51,0,0,177,85,0
"Maryland","Charles",2005,212,133,56,18,5,0,0,179,105,45,0,0,212,0,0
"Maryland","Dorchester",2005,356,269,60,23,4,0,0,164,87,39,0,0,356,0,0
"Maryland","Frederick",2005,203,123,59,20,1,0,0,151,101,46,0,0,203,0,0
"Maryland","Garrett",2005,357,235,103,18,1,0,0,159,84,44,0,0,292,65,0
"Maryland","Harford",2005,264,122,107,21,11,3,0,204,112,53,0,0,195,69,0
"Maryland","Kent",2005,212,143,44,22,3,0,0,172,105,44,0,0,212,0,0
"Maryland","Montgomery",2005,247,125,106,14,2,0,0,187,93,50,0,0,149,98,0
"Maryland","Prince George's",2005,364,211,113,32,8,0,0,185,105,44,0,27,258,79,0
"Maryland","Washington",2005,256,112,120,22,2,0,0,164,100,54,0,0,176,80,0
"Massachusetts","Barnstable",2005,233,159,56,11,7,0,0,174,87,43,0,2,170,61,0
"Massachusetts","Berkshire",2005,230,117,90,18,5,0,0,164,101,50,0,0,134,96,0
"Massachusetts","Bristol",2005,359,180,165,13,1,0,0,151,75,50,0,0,93,266,0
"Massachusetts","Dukes",2005,226,164,42,16,3,1,0,201,90,43,0,0,155,71,0
"Massachusetts","Essex",2005,365,190,156,14,5,0,0,185,79,49,0,7,176,182,0
"Massachusetts","Hampden",2005,365,162,179,18,6,0,0,197,90,54,0,13,150,202,0
"Massachusetts","Hampshire",2005,365,257,86,15,7,0,0,190,80,43,0,6,305,54,0
"Massachusetts","Middlesex",2005,365,307,46,9,3,0,0,174,67,31,95,0,246,24,0
"Massachusetts","Norfolk",2005,318,215,80,19,4,0,0,195,84,41,0,0,136,182,0
"Massachusetts","Plymouth",2005,118,55,62,1,0,0,0,105,70,52,0,0,0,118,0
"Massachusetts","Suffolk",2005,365,49,293,18,5,0,0,174,90,61,0,7,31,327,0
"Massachusetts","Worcester",2005,365,168,182,12,3,0,0,166,85,52,1,25,105,233,1
"Michigan","Allegan",2005,362,154,166,32,8,2,0,208,108,54,0,0,133,229,0
"Michigan","Bay",2005,117,56,56,5,0,0,0,124,80,52,0,0,0,117,0
"Michigan","Benzie",2005,180,125,34,16,5,0,0,177,108,43,0,0,180,0,0
"Michigan","Berrien",2005,239,102,105,27,5,0,0,177,112,54,0,0,164,75,0
"Michigan","Cass",2005,183,79,75,25,4,0,0,164,112,58,0,0,183,0,0
"Michigan","Chippewa",2005,125,82,42,1,0,0,0,126,70,39,0,0,0,125,0
"Michigan","Clinton",2005,183,118,47,18,0,0,0,143,100,44,0,0,183,0,0
"Michigan","Dickinson",2005,25,20,5,0,0,0,0,68,57,38,0,0,0,25,0
"Michigan","Genesee",2005,237,128,84,25,0,0,0,150,102,48,0,0,149,88,0
"Michigan","Huron",2005,177,138,29,9,1,0,0,151,87,41,0,0,177,0,0
"Michigan","Ingham",2005,240,115,99,25,1,0,0,174,101,52,0,0,152,88,0
"Michigan","Iron",2005,25,23,2,0,0,0,0,60,42,19,0,0,0,25,0
"Michigan","Kalamazoo",2005,239,109,111,18,1,0,0,156,97,54,0,0,151,88,0
"Michigan","Kent",2005,365,152,179,27,7,0,0,172,97,55,0,24,91,250,0
"Michigan","Keweenaw",2005,119,102,17,0,0,0,0,73,57,15,0,0,0,119,0
"Michigan","Leelanau",2005,176,125,33,16,2,0,0,172,101,43,0,0,176,0,0
"Michigan","Lenawee",2005,182,104,54,22,2,0,0,179,105,47,0,0,182,0,0
"Michigan","Macomb",2005,359,233,91,26,9,0,0,195,100,40,116,0,157,86,0
"Michigan","Mason",2005,175,125,38,10,2,0,0,187,93,41,0,0,175,0,0
"Michigan","Missaukee",2005,241,154,80,6,1,0,0,151,80,43,0,0,156,85,0
"Michigan","Monroe",2005,115,36,71,6,2,0,0,163,91,58,0,0,0,115,0
"Michigan","Muskegon",2005,239,133,76,20,9,1,0,208,108,48,0,0,153,86,0
"Michigan","Oakland",2005,356,239,95,21,1,0,0,151,87,38,123,0,141,92,0
"Michigan","Ottawa",2005,241,117,96,24,4,0,0,182,101,51,0,0,160,81,0
"Michigan","Saginaw",2005,114,58,52,4,0,0,0,125,77,50,0,0,0,114,0
"Michigan","Schoolcraft",2005,365,308,42,12,3,0,0,182,67,34,17,0,322,26,0
"Michigan","St. Clair",2005,242,143,78,15,5,1,0,202,93,45,0,0,151,91,0
"Michigan","Tuscola",2005,361,301,44,15,1,0,0,156,74,35,0,0,361,0,0
"Michigan","Washtenaw",2005,361,218,120,19,4,0,0,200,93,44,0,0,276,85,0
"Michigan","Wayne",2005,365,82,245,31,7,0,0,169,101,63,0,12,54,291,8
"Michigan","Wexford",2005,354,299,46,9,0,0,0,129,74,37,0,0,354,0,0
"Minnesota","Anoka",2005,365,160,193,11,1,0,0,153,77,53,0,4,108,253,0
"Minnesota","Becker",2005,267,163,104,0,0,0,0,100,68,45,0,0,105,162,0
"Minnesota","Carlton",2005,245,230,14,1,0,0,0,112,49,45,0,0,82,163,0
"Minnesota","Cass",2005,54,46,8,0,0,0,0,76,55,22,0,0,0,54,0
"Minnesota","Crow Wing",2005,328,207,116,4,1,0,0,152,68,44,0,0,87,241,0
"Minnesota","Dakota",2005,365,185,176,3,1,0,0,153,71,49,0,41,0,324,0
"Minnesota","Goodhue",2005,176,115,56,5,0,0,0,143,84,46,0,0,176,0,0
"Minnesota","Hennepin",2005,365,160,199,4,2,0,0,162,72,53,0,0,0,364,1
"Minnesota","Lake",2005,302,265,36,1,0,0,0,108,52,30,0,0,173,129,0
"Minnesota","Lyon",2005,222,129,90,3,0,0,0,115,71,47,0,0,87,135,0
"Minnesota","Mille Lacs",2005,238,181,51,4,2,0,0,151,67,40,0,0,163,75,0
"Minnesota","Olmsted",2005,359,170,178,9,2,0,0,153,77,52,0,0,93,266,0
"Minnesota","Ramsey",2005,365,158,202,3,2,0,0,163,75,53,2,0,0,349,14
"Minnesota","Rock",2005,116,83,33,0,0,0,0,85,66,36,0,0,0,116,0
"Minnesota","Saint Louis",2005,365,220,140,5,0,0,0,133,72,45,0,0,151,212,2
"Minnesota","Scott",2005,240,160,73,6,1,0,0,156,74,44,0,0,158,82,0
"Minnesota","Stearns",2005,365,240,122,2,1,0,0,154,66,42,10,0,113,242,0
"Minnesota","Washington",2005,198,152,40,6,0,0,0,136,67,40,0,0,179,0,19
"Minnesota","Winona",2005,119,76,40,2,1,0,0,152,67,36,0,0,0,119,0
"Minnesota","Wright",2005,363,193,161,7,2,0,0,161,74,49,0,0,122,241,0
"Mississippi","Adams",2005,283,142,131,10,0,0,0,126,90,50,0,0,197,86,0
"Mississippi","Bolivar",2005,363,117,230,16,0,0,0,135,87,56,0,0,85,278,0
"Mississippi","DeSoto",2005,282,132,118,30,2,0,0,172,108,53,0,0,204,78,0
"Mississippi","Forrest",2005,109,24,81,3,1,0,0,156,82,58,0,0,0,109,0
"Mississippi","Grenada",2005,49,11,38,0,0,0,0,95,78,57,0,0,0,49,0
"Mississippi","Hancock",2005,282,117,151,14,0,0,0,136,84,55,0,0,144,138,0
"Mississippi","Harrison",2005,360,76,252,29,3,0,0,156,100,60,0,0,93,267,0
"Mississippi","Hinds",2005,365,84,270,10,1,0,0,174,80,59,0,0,54,311,0
"Mississippi","Jackson",2005,358,166,173,19,0,0,0,147,87,52,0,43,176,139,0
"Mississippi","Jones",2005,115,19,93,3,0,0,0,129,81,60,0,0,0,115,0
"Mississippi","Lauderdale",2005,279,143,121,14,1,0,0,156,87,50,0,0,189,90,0
"Mississippi","Lee",2005,364,96,246,22,0,0,0,140,88,58,0,0,77,287,0
"Mississippi","Lowndes",2005,99,35,62,2,0,0,0,117,80,56,0,0,0,99,0
"Mississippi","Marshall",2005,59,59,0,0,0,0,0,47,41,30,0,5,54,0,0
"Mississippi","Pearl River",2005,103,28,74,1,0,0,0,106,71,55,0,0,0,103,0
"Mississippi","Rankin",2005,10,7,3,0,0,0,0,64,64,46,0,0,0,10,0
"Mississippi","Scott",2005,107,32,74,1,0,0,0,135,72,55,0,0,0,107,0
"Mississippi","Warren",2005,109,35,71,3,0,0,0,137,74,55,0,0,0,109,0
"Mississippi","Yalobusha",2005,343,275,65,3,0,0,0,122,71,39,0,0,343,0,0
"Missouri","Boone",2005,112,43,67,2,0,0,0,105,75,55,0,0,0,112,0
"Missouri","Buchanan",2005,121,39,80,2,0,0,0,107,76,56,0,0,0,107,14
"Missouri","Cass",2005,262,133,118,9,2,0,0,164,90,50,0,0,183,79,0
"Missouri","Cedar",2005,262,129,119,14,0,0,0,147,90,51,0,0,181,81,0
"Missouri","Clay",2005,365,220,107,28,10,0,0,179,105,45,0,100,188,77,0
"Missouri","Clinton",2005,214,129,53,28,4,0,0,169,115,46,0,0,214,0,0
"Missouri","Cooper",2005,61,23,35,3,0,0,0,112,79,55,0,0,0,61,0
"Missouri","Greene",2005,365,231,121,13,0,0,0,143,81,43,5,119,151,90,0
"Missouri","Jackson",2005,364,110,249,5,0,0,0,110,77,57,0,44,0,318,2
"Missouri","Jasper",2005,359,301,57,1,0,0,0,102,59,26,0,0,0,0,359
"Missouri","Jefferson",2005,365,80,248,33,4,0,0,187,101,61,0,0,85,280,0
"Missouri","Lincoln",2005,214,112,62,35,5,0,0,197,112,50,0,0,214,0,0
"Missouri","Monroe",2005,259,131,111,17,0,0,0,136,93,50,0,0,180,79,0
"Missouri","Perry",2005,214,116,76,20,2,0,0,169,101,49,0,0,214,0,0
"Missouri","Platte",2005,214,130,51,29,4,0,0,169,112,46,0,0,214,0,0
"Missouri","Saint Charles",2005,364,209,106,35,14,0,0,190,112,46,0,103,189,72,0
"Missouri","Saint Louis",2005,365,168,143,43,10,1,0,203,115,53,0,90,163,108,4
"Missouri","Sainte Genevieve",2005,364,203,133,27,1,0,0,169,93,47,0,100,165,99,0
"Missouri","St. Louis City",2005,365,35,282,41,7,0,0,185,115,70,0,6,69,202,88
"Missouri","Stoddard",2005,78,29,49,0,0,0,0,99,85,56,0,0,0,78,0
"Missouri","Taney",2005,119,65,54,0,0,0,0,95,71,45,0,0,0,119,0
"Montana","Big Horn",2005,62,54,8,0,0,0,0,73,53,24,0,0,0,0,62
"Montana","Cascade",2005,365,340,25,0,0,0,0,71,42,9,252,0,0,112,1
"Montana","Fergus",2005,122,121,1,0,0,0,0,61,27,13,0,0,0,122,0
"Montana","Flathead",2005,365,282,82,1,0,0,0,105,60,39,23,0,187,84,71
"Montana","Gallatin",2005,365,325,37,3,0,0,0,124,52,19,49,0,0,314,2
"Montana","Glacier",2005,61,61,0,0,0,0,0,48,23,13,0,0,0,0,61
"Montana","Lake",2005,353,304,49,0,0,0,0,98,55,21,0,0,0,123,230
"Montana","Lewis and Clark",2005,358,326,29,3,0,0,0,113,49,18,0,0,0,111,247
"Montana","Lincoln",2005,363,241,108,11,3,0,0,165,87,31,0,0,0,150,213
"Montana","McCone",2005,61,61,0,0,0,0,0,22,11,6,0,0,0,0,61
"Montana","Missoula",2005,342,276,61,2,3,0,0,166,60,23,66,0,0,118,158
"Montana","Powell",2005,120,113,7,0,0,0,0,87,33,11,0,0,0,120,0
"Montana","Ravalli",2005,237,139,87,11,0,0,0,148,84,43,0,0,0,231,6
"Montana","Roosevelt",2005,115,115,0,0,0,0,0,49,33,16,0,0,0,115,0
"Montana","Rosebud",2005,323,294,28,1,0,0,0,106,48,21,0,0,0,100,223
"Montana","Sanders",2005,122,102,20,0,0,0,0,66,53,29,0,0,0,111,11
"Montana","Sheridan",2005,110,107,3,0,0,0,0,54,33,16,0,0,0,110,0
"Montana","Silver Bow",2005,365,314,48,3,0,0,0,137,57,23,100,0,0,118,147
"Montana","Sweet Grass",2005,90,90,0,0,0,0,0,34,12,6,0,0,0,0,90
"Montana","Yellowstone",2005,365,331,34,0,0,0,0,92,50,31,108,2,171,79,5
"Nebraska","Cass",2005,364,267,96,1,0,0,0,104,63,35,0,0,0,90,274
"Nebraska","Dawson",2005,61,45,16,0,0,0,0,87,64,38,0,0,0,0,61
"Nebraska","Douglas",2005,365,126,227,12,0,0,0,122,88,57,1,0,66,280,18
"Nebraska","Garden",2005,120,112,8,0,0,0,0,61,41,16,0,0,0,120,0
"Nebraska","Hall",2005,113,78,35,0,0,0,0,78,62,37,0,0,0,113,0
"Nebraska","Lancaster",2005,363,309,53,1,0,0,0,101,55,32,100,0,167,96,0
"Nebraska","Lincoln",2005,105,83,21,1,0,0,0,102,60,30,0,0,0,105,0
"Nebraska","Sarpy",2005,104,54,49,1,0,0,0,127,70,49,0,0,0,104,0
"Nebraska","Scotts Bluff",2005,121,109,12,0,0,0,0,71,50,26,0,0,0,121,0
"Nebraska","Thomas",2005,116,105,11,0,0,0,0,70,49,20,0,0,0,116,0
"Nebraska","Thurston",2005,114,75,39,0,0,0,0,96,64,37,0,0,0,114,0
"Nebraska","Washington",2005,115,63,51,1,0,0,0,117,70,47,0,0,0,115,0
"Nevada","Carson City",2005,365,342,23,0,0,0,0,87,49,36,152,0,213,0,0
"Nevada","Churchill",2005,213,207,6,0,0,0,0,74,48,41,0,0,213,0,0
"Nevada","Clark",2005,365,77,224,55,9,0,0,200,115,65,0,9,197,145,14
"Nevada","Douglas",2005,307,307,0,0,0,0,0,43,25,15,307,0,0,0,0
"Nevada","Elko",2005,260,252,8,0,0,0,0,67,35,18,0,0,0,62,198
"Nevada","Mineral",2005,96,88,8,0,0,0,0,83,48,24,0,0,0,96,0
"Nevada","Nye",2005,362,334,28,0,0,0,0,79,47,23,0,0,0,0,362
"Nevada","Washoe",2005,365,163,194,7,1,0,0,157,84,53,0,23,218,32,92
"Nevada","White Pine",2005,359,273,73,13,0,0,0,133,77,44,0,0,359,0,0
"New Hampshire","Belknap",2005,213,168,39,6,0,0,0,129,66,39,0,0,170,43,0
"New Hampshire","Cheshire",2005,212,160,48,4,0,0,0,143,74,41,0,0,163,49,0
"New Hampshire","Coos",2005,244,129,101,14,0,0,0,140,83,50,0,0,148,96,0
"New Hampshire","Grafton",2005,362,314,45,3,0,0,0,133,53,35,0,0,329,33,0
"New Hampshire","Hillsborough",2005,365,258,88,15,4,0,0,177,76,41,15,89,170,91,0
"New Hampshire","Merrimack",2005,241,164,71,6,0,0,0,126,72,45,0,0,141,100,0
"New Hampshire","Rockingham",2005,365,283,73,9,0,0,0,140,61,34,0,121,149,95,0
"New Hampshire","Sullivan",2005,211,162,46,3,0,0,0,133,61,40,0,0,163,48,0
"New Jersey","Atlantic",2005,352,239,93,18,2,0,0,161,77,43,0,0,264,87,1
"New Jersey","Bergen",2005,365,227,115,15,8,0,0,187,85,45,2,173,109,80,1
"New Jersey","Burlington",2005,362,362,0,0,0,0,0,33,15,9,362,0,0,0,0
"New Jersey","Camden",2005,365,192,128,32,13,0,0,185,115,49,3,75,205,80,2
"New Jersey","Cumberland",2005,356,290,44,19,2,1,0,204,80,35,0,0,356,0,0
"New Jersey","Essex",2005,364,241,117,6,0,0,0,120,72,42,0,273,0,91,0
"New Jersey","Gloucester",2005,360,231,101,22,6,0,0,177,84,43,0,0,280,80,0
"New Jersey","Hudson",2005,365,225,117,18,5,0,0,177,84,44,6,149,111,98,1
"New Jersey","Hunterdon",2005,363,277,52,25,9,0,0,187,100,37,0,0,363,0,0
"New Jersey","Mercer",2005,365,231,107,19,8,0,0,185,87,45,0,74,212,78,1
"New Jersey","Middlesex",2005,365,233,103,19,10,0,0,179,90,44,3,103,173,86,0
"New Jersey","Monmouth",2005,365,314,29,15,7,0,0,185,64,31,133,0,232,0,0
"New Jersey","Morris",2005,365,247,96,20,2,0,0,164,84,43,3,49,231,82,0
"New Jersey","Ocean",2005,278,156,86,24,11,1,0,203,112,48,0,0,205,73,0
"New Jersey","Passaic",2005,254,151,81,16,6,0,0,172,97,46,0,0,176,78,0
"New Jersey","Union",2005,365,103,245,17,0,0,0,135,83,60,1,75,0,289,0
"New Jersey","Warren",2005,117,43,72,2,0,0,0,124,80,56,0,0,0,117,0
"New Mexico","Bernalillo",2005,365,141,200,22,2,0,0,169,90,55,0,6,210,58,91
"New Mexico","Catron",2005,115,112,3,0,0,0,0,61,34,13,0,0,0,115,0
"New Mexico","Chaves",2005,124,100,24,0,0,0,0,66,55,33,0,0,0,122,2
"New Mexico","Dona Ana",2005,365,122,213,29,0,0,1,916,97,57,0,3,173,96,93
"New Mexico","Eddy",2005,365,274,88,3,0,0,0,112,63,43,0,3,303,59,0
"New Mexico","Grant",2005,298,224,70,4,0,0,0,115,71,43,0,0,251,45,2
"New Mexico","Lea",2005,365,253,104,8,0,0,0,143,68,44,0,21,258,86,0
"New Mexico","Lincoln",2005,112,109,3,0,0,0,0,55,37,14,0,0,0,112,0
"New Mexico","Los Alamos",2005,115,114,1,0,0,0,0,54,27,14,0,0,0,115,0
"New Mexico","Luna",2005,60,59,1,0,0,0,0,61,33,19,0,0,0,0,60
"New Mexico","Rio Arriba",2005,105,104,1,0,0,0,0,58,26,12,0,0,0,105,0
"New Mexico","San Juan",2005,365,255,102,8,0,0,0,136,71,44,0,39,301,25,0
"New Mexico","Sandoval",2005,365,126,228,11,0,0,0,136,87,57,0,3,206,30,126
"New Mexico","Santa Fe",2005,365,355,10,0,0,0,0,58,37,19,18,0,0,345,2
"New Mexico","Socorro",2005,118,117,1,0,0,0,0,51,33,14,0,0,0,118,0
"New Mexico","Taos",2005,356,343,13,0,0,0,0,67,39,21,0,0,0,336,20
"New York","Albany",2005,365,257,95,10,3,0,0,166,74,40,4,0,274,87,0
"New York","Bronx",2005,365,102,243,19,1,0,0,179,87,59,0,59,29,277,0
"New York","Chautauqua",2005,365,241,94,24,6,0,0,179,97,43,0,0,303,62,0
"New York","Chemung",2005,339,302,34,3,0,0,0,119,54,33,0,0,339,0,0
"New York","Dutchess",2005,357,326,25,4,2,0,0,161,49,31,0,0,357,0,0
"New York","Erie",2005,365,211,123,26,5,0,0,195,97,47,0,105,175,85,0
"New York","Essex",2005,365,254,92,18,1,0,0,156,78,44,0,0,307,58,0
"New York","Franklin",2005,358,309,35,12,2,0,0,156,61,19,0,0,181,0,177
"New York","Hamilton",2005,351,314,30,7,0,0,0,150,51,36,0,0,351,0,0
"New York","Herkimer",2005,356,321,33,2,0,0,0,129,50,35,0,0,356,0,0
"New York","Jefferson",2005,217,164,36,14,3,0,0,187,93,41,0,0,217,0,0
"New York","Kings",2005,364,282,79,3,0,0,0,116,67,14,251,0,0,113,0
"New York","Madison",2005,334,280,45,9,0,0,0,122,61,38,0,0,334,0,0
"New York","Monroe",2005,365,267,85,13,0,0,0,147,77,33,14,0,261,90,0
"New York","Nassau",2005,339,261,76,2,0,0,0,112,63,35,0,234,0,105,0
"New York","New York",2005,365,171,188,6,0,0,0,121,78,52,0,250,0,115,0
"New York","Niagara",2005,359,242,86,27,4,0,0,185,97,39,101,0,177,80,1
"New York","Oneida",2005,217,196,18,3,0,0,0,133,50,35,0,0,217,0,0
"New York","Onondaga",2005,365,287,63,13,2,0,0,154,76,35,66,0,254,45,0
"New York","Orange",2005,264,149,96,14,5,0,0,174,93,48,0,0,193,71,0
"New York","Oswego",2005,205,151,38,14,2,0,0,166,93,43,0,0,205,0,0
"New York","Putnam",2005,273,213,39,15,5,1,0,217,87,37,0,0,273,0,0
"New York","Queens",2005,365,157,190,14,4,0,0,166,81,54,0,92,54,219,0
"New York","Rensselaer",2005,337,283,39,14,1,0,0,187,64,39,0,0,337,0,0
"New York","Richmond",2005,263,152,89,14,8,0,0,190,96,44,0,0,166,97,0
"New York","Saratoga",2005,298,244,41,10,3,0,0,172,67,40,0,0,298,0,0
"New York","Schenectady",2005,365,332,26,7,0,0,0,147,49,31,28,0,337,0,0
"New York","St. Lawrence",2005,111,78,33,0,0,0,0,99,67,32,0,0,0,111,0
"New York","Steuben",2005,340,192,146,2,0,0,0,123,73,44,0,0,0,340,0
"New York","Suffolk",2005,365,255,84,17,9,0,0,190,86,42,0,59,234,72,0
"New York","Tompkins",2005,363,274,77,10,2,0,0,151,77,41,0,0,316,47,0
"New York","Ulster",2005,355,302,42,11,0,0,0,147,58,40,0,0,355,0,0
"New York","Wayne",2005,213,191,21,1,0,0,0,112,51,32,0,0,213,0,0
"New York","Westchester",2005,364,253,88,14,8,1,0,201,81,40,0,0,286,78,0
"North Carolina","Alamance",2005,118,29,88,1,0,0,0,110,81,59,0,0,0,118,0
"North Carolina","Alexander",2005,214,131,71,12,0,0,0,143,93,47,0,0,214,0,0
"North Carolina","Avery",2005,355,229,113,13,0,0,0,143,80,44,0,0,301,54,0
"North Carolina","Buncombe",2005,362,126,225,10,1,0,0,154,81,55,0,0,57,305,0
"North Carolina","Caldwell",2005,211,144,54,13,0,0,0,133,80,46,0,0,211,0,0
"North Carolina","Carteret",2005,359,287,70,2,0,0,0,143,67,38,0,0,359,0,0
"North Carolina","Caswell",2005,260,123,125,12,0,0,0,133,90,51,0,0,161,99,0
"North Carolina","Catawba",2005,128,24,101,3,0,0,0,120,87,65,0,0,0,127,1
"North Carolina","Chatham",2005,259,133,111,15,0,0,0,147,92,49,0,0,167,92,0
"North Carolina","Cumberland",2005,365,217,114,26,8,0,0,182,100,46,104,0,173,88,0
"North Carolina","Davidson",2005,124,19,101,4,0,0,0,116,89,64,0,0,0,124,0
"North Carolina","Davie",2005,214,109,77,25,3,0,0,159,108,49,0,0,214,0,0
"North Carolina","Duplin",2005,118,48,70,0,0,0,0,93,70,52,0,0,0,118,0
"North Carolina","Durham",2005,342,96,228,18,0,0,0,140,87,58,0,0,76,263,3
"North Carolina","Edgecombe",2005,264,123,123,17,1,0,0,156,87,52,0,0,174,89,1
"North Carolina","Forsyth",2005,365,106,233,26,0,0,0,147,93,58,2,16,87,254,6
"North Carolina","Franklin",2005,214,118,70,26,0,0,0,147,105,49,0,0,214,0,0
"North Carolina","Gaston",2005,120,27,92,1,0,0,0,121,81,59,0,0,0,120,0
"North Carolina","Graham",2005,212,99,85,28,0,0,0,150,108,54,0,0,212,0,0
"North Carolina","Granville",2005,213,90,78,42,3,0,0,172,122,58,0,0,213,0,0
"North Carolina","Guilford",2005,365,93,250,20,2,0,0,172,93,60,8,0,99,258,0
"North Carolina","Haywood",2005,264,80,153,31,0,0,0,147,105,61,0,0,185,79,0
"North Carolina","Henderson",2005,53,53,0,0,0,0,0,37,29,17,0,0,0,0,53
"North Carolina","Hyde",2005,89,52,37,0,0,0,0,99,68,42,0,0,0,89,0
"North Carolina","Jackson",2005,126,47,76,3,0,0,0,108,77,55,0,0,26,100,0
"North Carolina","Johnston",2005,213,122,68,21,2,0,0,182,101,48,0,0,213,0,0
"North Carolina","Lenoir",2005,255,129,107,17,2,0,0,173,90,50,0,0,164,91,0
"North Carolina","Lincoln",2005,214,121,67,23,3,0,0,156,101,48,0,0,214,0,0
"North Carolina","Macon",2005,349,307,37,5,0,0,0,143,58,36,0,0,349,0,0
"North Carolina","Martin",2005,254,150,94,9,1,0,0,154,77,47,0,0,167,87,0
"North Carolina","McDowell",2005,121,22,97,2,0,0,0,110,84,60,0,0,0,121,0
"North Carolina","Mecklenburg",2005,365,41,276,40,7,1,0,206,112,64,0,2,91,272,0
"North Carolina","Mitchell",2005,118,36,82,0,0,0,0,99,79,57,0,0,0,118,0
"North Carolina","Montgomery",2005,364,238,115,11,0,0,0,147,73,43,0,0,274,90,0
"North Carolina","New Hanover",2005,258,159,90,9,0,0,0,147,74,46,0,0,170,88,0
"North Carolina","Onslow",2005,120,53,66,1,0,0,0,117,72,53,0,0,0,119,1
"North Carolina","Orange",2005,114,39,75,0,0,0,0,98,76,57,0,0,0,114,0
"North Carolina","Person",2005,212,126,70,16,0,0,0,150,93,48,0,0,212,0,0
"North Carolina","Pitt",2005,259,137,107,14,1,0,0,156,84,49,0,0,164,95,0
"North Carolina","Robeson",2005,117,39,78,0,0,0,0,99,74,55,0,0,0,117,0
"North Carolina","Rockingham",2005,213,128,69,16,0,0,0,133,93,48,0,0,213,0,0
"North Carolina","Rowan",2005,303,125,129,39,10,0,0,177,122,58,0,0,219,84,0
"North Carolina","Swain",2005,260,156,101,3,0,0,0,119,73,46,0,0,158,99,3
"North Carolina","Union",2005,212,117,67,27,1,0,0,159,108,47,0,0,212,0,0
"North Carolina","Wake",2005,365,91,237,32,5,0,0,164,101,60,0,0,110,255,0
"North Carolina","Watauga",2005,118,48,68,1,1,0,0,161,80,55,0,0,0,118,0
"North Carolina","Wayne",2005,114,37,76,1,0,0,0,110,77,56,0,0,0,112,2
"North Carolina","Yancey",2005,209,87,100,22,0,0,0,150,101,58,0,0,209,0,0
"North Dakota","Billings",2005,352,333,19,0,0,0,0,74,48,36,0,0,332,20,0
"North Dakota","Burke",2005,365,344,21,0,0,0,0,68,47,33,0,1,320,42,2
"North Dakota","Burleigh",2005,181,154,27,0,0,0,0,76,54,26,0,26,47,104,4
"North Dakota","Cass",2005,362,305,56,0,1,0,0,155,55,36,0,19,253,72,18
"North Dakota","Dunn",2005,362,359,3,0,0,0,0,64,42,31,0,3,348,0,11
"North Dakota","McKenzie",2005,365,346,19,0,0,0,0,79,46,35,0,0,343,19,3
"North Dakota","McLean",2005,31,31,0,0,0,0,0,15,7,3,0,0,0,0,31
"North Dakota","Mercer",2005,364,344,20,0,0,0,0,69,46,33,0,4,342,18,0
"North Dakota","Oliver",2005,364,356,8,0,0,0,0,64,44,32,0,2,362,0,0
"Ohio","Allen",2005,238,147,68,21,2,0,0,159,100,44,0,0,210,0,28
"Ohio","Ashtabula",2005,213,135,49,22,7,0,0,197,112,45,0,0,213,0,0
"Ohio","Athens",2005,61,19,38,3,0,1,0,213,91,56,0,0,0,61,0
"Ohio","Butler",2005,311,132,133,38,7,1,0,201,119,57,0,0,218,93,0
"Ohio","Clark",2005,262,102,131,24,5,0,0,177,105,60,0,0,177,85,0
"Ohio","Clermont",2005,258,103,119,34,2,0,0,159,108,57,0,0,169,89,0
"Ohio","Clinton",2005,214,113,65,33,3,0,0,179,119,49,0,0,214,0,0
"Ohio","Columbiana",2005,61,55,6,0,0,0,0,73,50,26,0,0,0,0,61
"Ohio","Crawford",2005,342,266,53,23,0,0,0,147,80,36,0,0,342,0,0
"Ohio","Cuyahoga",2005,365,166,164,31,4,0,0,182,100,54,2,82,112,122,47
"Ohio","Delaware",2005,214,119,71,23,1,0,0,172,108,47,0,0,214,0,0
"Ohio","Fayette",2005,353,261,64,26,2,0,0,156,93,38,0,0,353,0,0
"Ohio","Franklin",2005,365,188,134,36,6,1,0,201,105,50,13,0,169,85,98
"Ohio","Geauga",2005,206,107,63,30,6,0,0,164,115,49,0,0,206,0,0
"Ohio","Greene",2005,264,109,126,27,2,0,0,161,101,57,0,0,173,90,1
"Ohio","Hamilton",2005,365,176,138,39,11,1,0,208,115,53,0,135,132,98,0
"Ohio","Hancock",2005,61,61,0,0,0,0,0,42,32,23,0,0,0,0,61
"Ohio","Jefferson",2005,364,218,119,23,4,0,0,172,93,46,102,0,167,91,4
"Ohio","Knox",2005,213,128,66,17,2,0,0,190,100,46,0,0,213,0,0
"Ohio","Lake",2005,365,214,114,25,11,1,0,214,101,44,106,0,174,85,0
"Ohio","Lawrence",2005,263,127,123,12,1,0,0,181,90,51,0,0,148,115,0
"Ohio","Licking",2005,234,149,61,22,2,0,0,151,101,44,0,0,207,0,27
"Ohio","Lorain",2005,262,127,114,19,2,0,0,185,97,51,0,0,171,91,0
"Ohio","Lucas",2005,365,201,128,30,5,1,0,203,100,46,0,0,165,94,106
"Ohio","Madison",2005,214,120,62,29,3,0,0,174,108,48,0,0,214,0,0
"Ohio","Mahoning",2005,264,116,127,19,2,0,0,174,97,55,0,0,161,103,0
"Ohio","Medina",2005,226,98,98,25,5,0,0,190,107,55,0,0,168,58,0
"Ohio","Miami",2005,214,132,62,20,0,0,0,150,93,46,0,0,214,0,0
"Ohio","Montgomery",2005,365,214,124,26,1,0,0,174,93,44,99,0,161,105,0
"Ohio","Noble",2005,355,228,102,24,1,0,0,154,90,43,0,0,282,73,0
"Ohio","Portage",2005,257,103,117,28,8,1,0,202,119,56,0,0,169,88,0
"Ohio","Preble",2005,263,120,124,18,1,0,0,154,93,54,0,0,167,96,0
"Ohio","Scioto",2005,365,238,123,4,0,0,0,133,72,36,0,0,0,116,249
"Ohio","Stark",2005,361,193,134,30,3,1,0,201,97,49,100,0,163,98,0
"Ohio","Summit",2005,365,189,142,29,5,0,0,177,100,49,86,0,164,115,0
"Ohio","Trumbull",2005,263,104,121,33,5,0,0,174,108,57,0,0,172,90,1
"Ohio","Warren",2005,212,111,64,33,4,0,0,190,122,50,0,0,212,0,0
"Ohio","Washington",2005,234,140,64,24,6,0,0,179,108,48,0,0,211,0,23
"Ohio","Wood",2005,214,134,57,21,2,0,0,166,105,45,0,0,214,0,0
"Ohio","Wyandot",2005,146,143,3,0,0,0,0,52,38,23,0,0,0,0,146
"Oklahoma","Adair",2005,362,228,118,16,0,0,0,122,87,45,0,0,345,17,0
"Oklahoma","Caddo",2005,61,26,34,1,0,0,0,123,72,52,0,0,0,61,0
"Oklahoma","Canadian",2005,365,283,68,12,2,0,0,172,84,37,0,0,365,0,0
"Oklahoma","Carter",2005,57,29,28,0,0,0,0,86,64,49,0,0,0,57,0
"Oklahoma","Cherokee",2005,365,240,113,12,0,0,0,133,80,44,0,51,258,34,22
"Oklahoma","Cleveland",2005,365,284,66,15,0,0,0,136,77,37,0,0,365,0,0
"Oklahoma","Comanche",2005,365,261,85,19,0,0,0,150,87,41,0,0,323,42,0
"Oklahoma","Creek",2005,361,273,81,5,2,0,0,177,77,42,0,0,361,0,0
"Oklahoma","Custer",2005,25,24,1,0,0,0,0,51,30,17,0,0,0,0,25
"Oklahoma","Dewey",2005,365,286,72,6,1,0,0,154,74,41,0,0,365,0,0
"Oklahoma","Ellis",2005,118,86,32,0,0,0,0,75,60,34,0,0,0,118,0
"Oklahoma","Garfield",2005,62,31,31,0,0,0,0,88,66,51,0,0,0,62,0
"Oklahoma","Jefferson",2005,243,149,78,14,2,0,0,169,93,46,0,0,243,0,0
"Oklahoma","Kay",2005,365,218,124,23,0,0,0,150,93,46,0,0,242,60,63
"Oklahoma","Lincoln",2005,64,33,30,1,0,0,0,147,75,50,0,0,0,64,0
"Oklahoma","Love",2005,233,154,61,15,3,0,0,161,90,45,0,0,233,0,0
"Oklahoma","Mayes",2005,364,210,128,26,0,0,0,150,93,47,0,18,250,76,20
"Oklahoma","McClain",2005,364,301,54,8,1,0,0,156,71,37,0,0,364,0,0
"Oklahoma","Muskogee",2005,338,243,92,3,0,0,0,106,65,35,0,0,0,106,232
"Oklahoma","Oklahoma",2005,365,137,199,28,1,0,0,159,97,54,0,29,154,181,1
"Oklahoma","Ottawa",2005,365,230,120,15,0,0,0,140,87,44,0,39,237,37,52
"Oklahoma","Pittsburg",2005,357,228,124,5,0,0,0,115,77,45,0,0,270,85,2
"Oklahoma","Sequoyah",2005,108,31,74,3,0,0,0,115,79,58,0,0,0,108,0
"Oklahoma","Tulsa",2005,365,115,207,38,5,0,0,166,101,57,0,4,134,226,1
"Oregon","Baker",2005,274,217,56,1,0,0,0,140,67,27,0,0,0,274,0
"Oregon","Benton",2005,362,291,70,1,0,0,0,104,57,21,0,0,0,362,0
"Oregon","Clackamas",2005,313,271,40,2,0,0,0,129,54,32,0,0,130,183,0
"Oregon","Columbia",2005,286,235,51,0,0,0,0,88,55,32,0,0,113,173,0
"Oregon","Deschutes",2005,365,294,71,0,0,0,0,91,57,26,1,0,0,360,4
"Oregon","Douglas",2005,128,64,64,0,0,0,0,90,72,52,0,0,0,128,0
"Oregon","Grant",2005,363,244,117,2,0,0,0,108,65,33,0,0,0,363,0
"Oregon","Harney",2005,359,235,121,3,0,0,0,112,75,32,0,0,0,358,1
"Oregon","Jackson",2005,365,179,175,10,1,0,0,151,82,51,1,0,118,246,0
"Oregon","Josephine",2005,365,232,131,1,1,0,0,164,66,38,2,0,0,363,0
"Oregon","Klamath",2005,362,207,133,22,0,0,0,149,82,43,0,0,0,362,0
"Oregon","Lake",2005,361,281,64,15,1,0,0,151,67,26,0,0,0,358,3
"Oregon","Lane",2005,365,183,145,28,9,0,0,163,101,50,0,0,91,273,1
"Oregon","Linn",2005,362,268,90,3,1,0,0,152,67,29,0,0,0,362,0
"Oregon","Marion",2005,365,260,98,7,0,0,0,133,67,35,5,0,128,232,0
"Oregon","Multnomah",2005,365,208,152,4,1,0,0,158,70,46,0,4,31,330,0
"Oregon","Umatilla",2005,362,257,101,4,0,0,0,138,74,28,0,0,0,354,8
"Oregon","Union",2005,365,255,105,4,1,0,0,151,70,35,0,0,0,362,3
"Oregon","Wallowa",2005,364,289,75,0,0,0,0,99,59,25,0,0,0,364,0
"Oregon","Wasco",2005,360,279,81,0,0,0,0,99,62,26,0,0,0,360,0
"Oregon","Washington",2005,365,245,110,7,3,0,0,155,74,33,0,0,0,365,0
"Pennsylvania","Adams",2005,364,120,217,26,1,0,0,161,93,58,0,0,131,233,0
"Pennsylvania","Allegheny",2005,365,58,230,54,22,1,0,202,131,69,0,8,71,286,0
"Pennsylvania","Armstrong",2005,214,130,56,24,3,1,0,204,108,47,0,0,214,0,0
"Pennsylvania","Beaver",2005,365,201,128,31,5,0,0,195,100,47,0,107,160,84,14
"Pennsylvania","Berks",2005,365,227,115,20,3,0,0,169,87,44,0,137,130,94,4
"Pennsylvania","Blair",2005,365,299,54,12,0,0,0,150,72,36,1,156,201,0,7
"Pennsylvania","Bucks",2005,365,237,100,21,7,0,0,182,93,42,0,128,155,78,4
"Pennsylvania","Cambria",2005,365,228,122,14,1,0,0,151,81,42,0,108,142,105,10
"Pennsylvania","Centre",2005,365,137,202,23,3,0,0,161,95,56,0,3,145,217,0
"Pennsylvania","Chester",2005,251,102,109,32,8,0,0,195,115,58,0,0,178,73,0
"Pennsylvania","Clearfield",2005,208,115,66,23,4,0,0,161,108,48,0,0,208,0,0
"Pennsylvania","Cumberland",2005,345,117,214,14,0,0,0,120,85,59,0,0,0,345,0
"Pennsylvania","Dauphin",2005,365,101,232,28,4,0,0,174,97,61,0,19,92,253,1
"Pennsylvania","Delaware",2005,363,210,123,25,5,0,0,161,93,45,0,106,136,91,30
"Pennsylvania","Elk",2005,344,283,50,11,0,0,0,129,71,37,0,0,344,0,0
"Pennsylvania","Erie",2005,365,130,202,27,6,0,0,195,97,56,3,15,95,252,0
"Pennsylvania","Franklin",2005,204,139,57,8,0,0,0,119,87,45,0,0,204,0,0
"Pennsylvania","Greene",2005,215,113,72,28,2,0,0,172,112,49,7,0,208,0,0
"Pennsylvania","Indiana",2005,364,273,61,26,4,0,0,172,93,33,0,151,213,0,0
"Pennsylvania","Lackawanna",2005,365,153,189,21,2,0,0,159,89,55,0,22,109,234,0
"Pennsylvania","Lancaster",2005,365,202,119,40,4,0,0,177,108,45,0,108,160,92,5
"Pennsylvania","Lawrence",2005,365,288,65,11,1,0,0,154,77,39,0,169,165,0,31
"Pennsylvania","Lehigh",2005,365,121,215,25,4,0,0,166,96,58,0,17,94,254,0
"Pennsylvania","Luzerne",2005,365,133,212,19,1,0,0,161,90,56,0,11,109,244,1
"Pennsylvania","Lycoming",2005,234,153,57,22,2,0,0,156,101,44,0,0,214,0,20
"Pennsylvania","Mercer",2005,365,114,214,33,4,0,0,177,101,58,0,0,137,228,0
"Pennsylvania","Montgomery",2005,365,244,90,24,7,0,0,169,90,43,0,135,156,72,2
"Pennsylvania","Northampton",2005,365,119,223,18,5,0,0,159,93,58,0,10,80,253,22
"Pennsylvania","Perry",2005,363,235,108,19,1,0,0,156,87,39,0,109,168,86,0
"Pennsylvania","Philadelphia",2005,365,97,229,31,8,0,0,197,101,60,0,32,92,241,0
"Pennsylvania","Schuylkill",2005,358,358,0,0,0,0,0,24,10,3,358,0,0,0,0
"Pennsylvania","Somerset",2005,362,290,61,10,1,0,0,154,71,36,0,0,362,0,0
"Pennsylvania","Tioga",2005,211,140,57,14,0,0,0,143,93,46,0,0,211,0,0
"Pennsylvania","Washington",2005,365,91,240,29,5,0,0,166,97,60,0,11,90,264,0
"Pennsylvania","Westmoreland",2005,365,214,128,18,5,0,0,179,87,44,0,97,149,101,18
"Pennsylvania","York",2005,365,193,134,31,7,0,0,179,101,49,1,119,154,87,4
"Puerto Rico","Adjuntas",2005,107,91,16,0,0,0,0,69,56,27,0,0,0,107,0
"Puerto Rico","Barceloneta",2005,18,18,0,0,0,0,0,35,32,15,0,0,0,0,18
"Puerto Rico","Bayamon",2005,118,97,21,0,0,0,0,70,54,29,0,0,0,112,6
"Puerto Rico","Carolina",2005,12,12,0,0,0,0,0,50,42,19,0,0,0,0,12
"Puerto Rico","Catano",2005,363,336,27,0,0,0,0,80,43,24,0,47,62,0,254
"Puerto Rico","Fajardo",2005,349,314,35,0,0,0,0,84,51,22,0,0,0,210,139
"Puerto Rico","Guayama",2005,119,99,20,0,0,0,0,76,56,29,0,0,0,94,25
"Puerto Rico","Guayanilla",2005,109,88,21,0,0,0,0,72,58,30,0,0,0,109,0
"Puerto Rico","Guaynabo",2005,362,246,116,0,0,0,0,89,61,43,0,0,0,289,73
"Puerto Rico","Humacao",2005,116,102,14,0,0,0,0,73,54,22,0,0,0,104,12
"Puerto Rico","Manati",2005,19,19,0,0,0,0,0,39,36,17,0,0,0,0,19
"Puerto Rico","Mayagnez",2005,106,72,34,0,0,0,0,85,61,32,0,0,0,106,0
"Puerto Rico","Ponce",2005,106,71,35,0,0,0,0,77,64,43,0,0,0,60,46
"Puerto Rico","Rio Grande",2005,48,45,3,0,0,0,0,56,38,14,0,0,0,0,48
"Puerto Rico","San Juan",2005,365,266,99,0,0,0,0,81,58,39,46,0,0,286,33
"Rhode Island","Kent",2005,223,158,49,11,5,0,0,182,87,43,0,0,157,57,9
"Rhode Island","Providence",2005,365,164,188,10,3,0,0,174,77,52,0,28,61,276,0
"Rhode Island","Washington",2005,179,129,31,14,5,0,0,169,105,44,0,0,179,0,0
"South Carolina","Abbeville",2005,216,136,65,14,1,0,0,154,97,45,0,0,216,0,0
"South Carolina","Aiken",2005,363,229,118,16,0,0,0,140,87,42,0,93,172,97,1
"South Carolina","Anderson",2005,211,114,78,19,0,0,0,147,100,49,0,0,211,0,0
"South Carolina","Barnwell",2005,365,300,58,7,0,0,0,115,71,35,0,5,360,0,0
"South Carolina","Beaufort",2005,90,31,57,2,0,0,0,117,72,55,0,0,0,90,0
"South Carolina","Berkeley",2005,341,298,40,3,0,0,0,126,58,34,0,0,341,0,0
"South Carolina","Charleston",2005,365,94,255,16,0,0,0,140,80,57,0,2,66,297,0
"South Carolina","Cherokee",2005,359,279,64,16,0,0,0,140,80,39,0,0,359,0,0
"South Carolina","Chester",2005,227,143,57,24,3,0,0,164,105,45,0,0,227,0,0
"South Carolina","Chesterfield",2005,353,227,113,13,0,0,0,143,80,44,0,0,263,90,0
"South Carolina","Colleton",2005,284,226,50,8,0,0,0,126,74,37,0,0,284,0,0
"South Carolina","Darlington",2005,306,228,60,17,1,0,0,151,80,41,0,0,306,0,0
"South Carolina","Edgefield",2005,332,216,110,6,0,0,0,140,75,41,0,0,239,93,0
"South Carolina","Florence",2005,112,37,73,2,0,0,0,105,77,55,0,0,0,112,0
"South Carolina","Georgetown",2005,329,210,116,3,0,0,0,117,69,39,0,0,0,85,244
"South Carolina","Greenville",2005,365,63,290,11,1,0,0,154,85,62,0,4,0,360,1
"South Carolina","Greenwood",2005,115,29,85,1,0,0,0,107,77,58,0,0,0,115,0
"South Carolina","Horry",2005,119,38,80,1,0,0,0,121,75,56,0,0,0,119,0
"South Carolina","Lexington",2005,362,220,139,3,0,0,0,108,70,43,0,0,0,97,265
"South Carolina","Oconee",2005,359,258,92,8,1,0,0,156,74,42,0,0,308,51,0
"South Carolina","Pickens",2005,280,183,78,18,1,0,0,159,90,44,0,0,280,0,0
"South Carolina","Richland",2005,365,76,265,20,4,0,0,177,94,60,0,1,98,261,5
"South Carolina","Spartanburg",2005,354,85,237,30,2,0,0,151,97,60,0,0,95,255,4
"South Carolina","Union",2005,219,152,55,12,0,0,0,150,87,43,0,0,219,0,0
"South Carolina","Williamsburg",2005,225,179,45,1,0,0,0,105,67,38,0,0,225,0,0
"South Carolina","York",2005,244,175,53,15,1,0,0,151,84,42,0,0,224,0,20
"South Dakota","Brookings",2005,136,88,48,0,0,0,0,85,65,39,0,0,0,111,25
"South Dakota","Brown",2005,122,75,47,0,0,0,0,83,65,43,0,0,0,122,0
"South Dakota","Codington",2005,123,66,57,0,0,0,0,84,72,48,0,0,0,120,3
"South Dakota","Custer",2005,364,286,75,3,0,0,0,122,64,43,0,0,345,19,0
"South Dakota","Jackson",2005,365,311,51,3,0,0,0,101,58,40,0,1,334,28,2
"South Dakota","Meade",2005,118,118,0,0,0,0,0,48,23,13,0,0,0,0,118
"South Dakota","Minnehaha",2005,365,261,102,2,0,0,0,105,67,41,0,19,234,102,10
"South Dakota","Pennington",2005,363,240,121,2,0,0,0,119,64,44,0,0,106,85,172
"Tennessee","Anderson",2005,241,143,75,21,2,0,0,161,100,48,0,0,241,0,0
"Tennessee","Blount",2005,364,169,147,44,4,0,0,166,108,53,0,0,283,81,0
"Tennessee","Bradley",2005,356,352,4,0,0,0,0,64,33,23,0,324,0,0,32
"Tennessee","Claiborne",2005,234,176,50,8,0,0,0,133,77,41,0,0,234,0,0
"Tennessee","Coffee",2005,59,59,0,0,0,0,0,47,39,31,0,2,57,0,0
"Tennessee","Davidson",2005,365,43,293,28,1,0,0,172,97,62,0,1,42,322,0
"Tennessee","DeKalb",2005,357,287,64,6,0,0,0,119,71,39,0,0,357,0,0
"Tennessee","Dyer",2005,111,36,73,2,0,0,0,131,79,58,0,0,0,111,0
"Tennessee","Hamilton",2005,286,115,143,26,2,0,0,185,100,56,0,0,184,101,1
"Tennessee","Jefferson",2005,240,120,87,30,3,0,0,200,112,51,0,0,240,0,0
"Tennessee","Knox",2005,365,61,264,36,4,0,0,166,101,64,0,0,119,246,0
"Tennessee","Lawrence",2005,118,41,74,3,0,0,0,109,76,54,0,0,0,118,0
"Tennessee","Loudon",2005,282,100,136,45,1,0,0,156,115,58,0,0,198,84,0
"Tennessee","Madison",2005,104,64,40,0,0,0,0,81,63,41,0,0,0,73,31
"Tennessee","Maury",2005,116,33,80,2,1,0,0,155,79,57,0,0,0,116,0
"Tennessee","McMinn",2005,355,270,84,1,0,0,0,102,66,25,0,237,0,108,10
"Tennessee","Meigs",2005,306,206,77,23,0,0,0,150,93,44,0,63,243,0,0
"Tennessee","Montgomery",2005,320,163,141,15,1,0,0,154,90,50,0,10,211,99,0
"Tennessee","Putnam",2005,121,37,79,4,1,0,0,152,82,57,0,0,0,121,0
"Tennessee","Roane",2005,118,27,91,0,0,0,0,98,82,59,0,0,0,113,5
"Tennessee","Rutherford",2005,236,147,71,17,1,0,0,166,97,47,0,0,236,0,0
"Tennessee","Sevier",2005,361,204,125,29,3,0,0,156,100,47,0,0,361,0,0
"Tennessee","Shelby",2005,365,39,269,51,6,0,0,172,112,66,0,0,96,269,0
"Tennessee","Sullivan",2005,365,192,143,29,1,0,0,156,93,48,20,78,173,94,0
"Tennessee","Sumner",2005,285,92,158,31,4,0,0,179,105,58,0,0,199,86,0
"Tennessee","Union",2005,362,317,45,0,0,0,0,72,52,29,0,0,0,0,362
"Tennessee","Williamson",2005,235,138,78,19,0,0,0,129,97,47,0,0,235,0,0
"Tennessee","Wilson",2005,236,154,61,20,1,0,0,154,100,46,0,0,236,0,0
"Texas","Bexar",2005,365,120,218,23,4,0,0,164,93,54,0,15,124,225,1
"Texas","Bowie",2005,117,36,80,1,0,0,0,101,76,55,0,0,0,117,0
"Texas","Brazoria",2005,360,249,72,27,12,0,0,187,105,38,0,44,316,0,0
"Texas","Brewster",2005,341,270,70,1,0,0,0,101,60,42,0,0,310,31,0
"Texas","Cameron",2005,361,139,218,4,0,0,0,133,71,53,1,0,53,306,1
"Texas","Collin",2005,363,248,68,37,10,0,0,177,112,42,0,0,363,0,0
"Texas","Culberson",2005,114,108,6,0,0,0,0,79,42,21,0,0,0,114,0
"Texas","Dallas",2005,365,87,208,52,18,0,0,197,126,60,0,17,135,212,1
"Texas","Denton",2005,364,152,158,41,12,1,0,203,119,54,0,8,184,172,0
"Texas","Ector",2005,365,228,137,0,0,0,0,87,60,42,0,0,0,365,0
"Texas","El Paso",2005,365,46,277,37,5,0,0,185,104,65,0,5,106,211,43
"Texas","Ellis",2005,365,105,234,25,1,0,0,172,90,55,0,6,104,255,0
"Texas","Fayette",2005,353,188,165,0,0,0,0,99,64,47,0,0,0,353,0
"Texas","Galveston",2005,354,147,195,10,2,0,0,156,80,52,0,2,99,252,1
"Texas","Gregg",2005,364,231,101,28,4,0,0,172,100,43,0,18,300,46,0
"Texas","Harris",2005,363,22,257,46,32,6,0,214,154,67,0,8,118,225,12
"Texas","Harrison",2005,362,122,218,21,1,0,0,154,93,55,0,0,128,234,0
"Texas","Hays",2005,214,161,49,4,0,0,0,126,71,41,0,3,211,0,0
"Texas","Hidalgo",2005,365,135,223,7,0,0,0,122,77,54,0,0,60,302,3
"Texas","Hood",2005,364,262,76,23,3,0,0,174,87,40,0,0,364,0,0
"Texas","Hunt",2005,364,256,79,29,0,0,0,143,93,41,0,20,344,0,0
"Texas","Jeff Davis",2005,71,67,4,0,0,0,0,67,32,15,0,0,0,71,0
"Texas","Jefferson",2005,353,67,237,44,4,1,0,204,108,60,0,1,115,237,0
"Texas","Johnson",2005,360,251,75,27,7,0,0,172,100,40,0,0,360,0,0
"Texas","Kaufman",2005,361,144,194,22,1,0,0,172,90,53,0,3,138,220,0
"Texas","Kleberg",2005,346,165,179,2,0,0,0,114,65,51,0,0,0,346,0
"Texas","Lubbock",2005,171,103,68,0,0,0,0,83,61,44,0,0,0,171,0
"Texas","Maverick",2005,129,68,61,0,0,0,0,86,62,47,0,0,0,129,0
"Texas","Montgomery",2005,354,104,226,22,1,1,0,219,87,55,0,0,112,242,0
"Texas","Nueces",2005,365,147,216,2,0,0,0,113,71,53,0,0,78,287,0
"Texas","Orange",2005,346,105,223,18,0,0,0,150,87,56,0,3,87,256,0
"Texas","Parker",2005,361,258,74,21,7,1,0,205,90,42,0,0,361,0,0
"Texas","Polk",2005,316,263,46,7,0,0,0,115,64,39,0,0,316,0,0
"Texas","Potter",2005,363,284,79,0,0,0,0,75,55,34,0,0,0,363,0
"Texas","Rockwall",2005,357,257,69,31,0,0,0,143,97,39,0,0,357,0,0
"Texas","Smith",2005,365,247,86,31,1,0,0,156,100,43,0,7,358,0,0
"Texas","Tarrant",2005,365,84,214,43,21,3,0,213,133,60,0,7,137,221,0
"Texas","Travis",2005,365,151,197,14,3,0,0,156,90,53,0,2,141,222,0
"Texas","Victoria",2005,357,294,57,6,0,0,0,147,67,34,0,0,357,0,0
"Texas","Webb",2005,365,168,194,3,0,0,0,104,68,52,2,0,83,261,19
"Texas","Wichita",2005,288,167,121,0,0,0,0,87,68,47,0,0,0,288,0
"Utah","Box Elder",2005,304,194,90,18,2,0,0,159,84,46,0,0,251,53,0
"Utah","Cache",2005,365,200,127,25,13,0,0,173,104,49,0,44,131,189,1
"Utah","Davis",2005,360,233,96,23,7,1,0,203,96,44,0,178,140,40,2
"Utah","Duchesne",2005,52,52,0,0,0,0,0,22,14,7,0,0,0,0,52
"Utah","Garfield",2005,113,111,2,0,0,0,0,55,24,11,0,0,0,113,0
"Utah","Salt Lake",2005,365,121,184,53,7,0,0,187,116,58,0,55,98,203,9
"Utah","San Juan",2005,338,236,98,4,0,0,0,126,77,46,0,0,327,11,0
"Utah","Tooele",2005,111,61,38,10,2,0,0,159,101,49,0,0,80,31,0
"Utah","Uintah",2005,45,45,0,0,0,0,0,19,13,5,0,0,0,0,45
"Utah","Utah",2005,365,189,154,18,3,1,0,207,91,50,0,92,128,142,3
"Utah","Washington",2005,355,233,101,17,3,1,0,204,84,46,0,0,353,2,0
"Utah","Wayne",2005,110,108,2,0,0,0,0,52,28,12,0,0,0,110,0
"Utah","Weber",2005,365,230,111,21,3,0,0,159,87,47,8,165,136,42,14
"Vermont","Addison",2005,122,72,49,1,0,0,0,127,72,44,0,0,0,122,0
"Vermont","Bennington",2005,340,265,66,9,0,0,0,136,62,41,0,0,274,66,0
"Vermont","Chittenden",2005,365,277,83,5,0,0,0,143,63,41,1,29,242,93,0
"Vermont","Rutland",2005,365,302,61,2,0,0,0,107,59,26,5,253,0,105,2
"Vermont","Windham",2005,60,60,0,0,0,0,0,48,31,14,0,0,0,0,60
"Virgin Islands","St Croix",2005,55,43,12,0,0,0,0,90,64,26,0,0,0,46,9
"Virgin Islands","St John",2005,111,93,18,0,0,0,0,97,55,22,0,0,0,111,0
"Virgin Islands","St Thomas",2005,41,35,6,0,0,0,0,62,55,22,0,0,0,18,23
"Virginia","Alexandria City",2005,363,286,61,14,2,0,0,159,71,40,28,188,147,0,0
"Virginia","Arlington",2005,365,215,123,22,5,0,0,172,90,45,1,151,126,87,0
"Virginia","Bristol City",2005,122,26,94,2,0,0,0,115,85,59,0,0,0,122,0
"Virginia","Caroline",2005,200,132,52,14,2,0,0,169,97,46,0,0,200,0,0
"Virginia","Carroll",2005,55,55,0,0,0,0,0,32,28,15,0,0,0,0,55
"Virginia","Charles",2005,360,230,108,20,2,0,0,174,93,43,0,118,156,86,0
"Virginia","Charlottesville City",2005,59,59,0,0,0,0,0,36,32,19,0,0,0,0,59
"Virginia","Chesterfield",2005,261,117,125,18,1,0,0,200,90,54,0,0,169,92,0
"Virginia","Culpeper",2005,57,57,0,0,0,0,0,38,27,18,0,0,0,0,57
"Virginia","Fairfax",2005,365,115,212,27,11,0,0,179,101,58,0,13,122,230,0
"Virginia","Fauquier",2005,213,163,43,7,0,0,0,115,77,41,0,0,213,0,0
"Virginia","Frederick",2005,232,153,64,15,0,0,0,136,87,44,0,0,209,0,23
"Virginia","Fredericksburg City",2005,58,58,0,0,0,0,0,36,30,18,0,0,0,0,58
"Virginia","Giles",2005,359,261,85,13,0,0,0,150,84,43,0,0,359,0,0
"Virginia","Hampton City",2005,365,236,116,13,0,0,0,136,77,41,106,0,170,89,0
"Virginia","Hanover",2005,213,125,63,23,2,0,0,169,105,47,0,0,213,0,0
"Virginia","Henrico",2005,354,94,230,26,4,0,0,174,97,58,0,0,86,268,0
"Virginia","King William",2005,56,56,0,0,0,0,0,45,33,19,0,0,0,0,56
"Virginia","Loudoun",2005,348,236,99,13,0,0,0,140,74,33,0,184,68,96,0
"Virginia","Lynchburg City",2005,121,39,80,2,0,0,0,107,83,55,0,0,0,121,0
"Virginia","Madison",2005,339,220,106,13,0,0,0,136,85,45,0,0,293,46,0
"Virginia","Norfolk City",2005,125,47,78,0,0,0,0,99,76,56,0,9,0,113,3
"Virginia","Page",2005,257,116,126,15,0,0,0,129,87,53,0,0,165,92,0
"Virginia","Prince Edward",2005,345,281,56,8,0,0,0,126,67,37,0,0,345,0,0
"Virginia","Prince William",2005,364,299,53,12,0,0,0,112,71,31,0,172,192,0,0
"Virginia","Richmond City",2005,365,352,13,0,0,0,0,71,45,30,21,344,0,0,0
"Virginia","Roanoke",2005,335,257,62,16,0,0,0,129,77,36,0,133,202,0,0
"Virginia","Roanoke City",2005,351,259,90,2,0,0,0,110,67,10,230,0,0,117,4
"Virginia","Rockbridge",2005,264,148,109,7,0,0,0,119,74,48,0,0,163,101,0
"Virginia","Rockingham",2005,365,364,1,0,0,0,0,51,39,27,0,354,0,0,11
"Virginia","Salem City",2005,119,23,93,3,0,0,0,111,90,61,0,0,0,119,0
"Virginia","Stafford",2005,213,136,60,17,0,0,0,147,90,46,0,0,213,0,0
"Virginia","Suffolk City",2005,214,125,73,15,1,0,0,151,93,48,0,0,214,0,0
"Virginia","Virginia Beach City",2005,315,127,187,1,0,0,0,109,75,55,0,0,0,315,0
"Virginia","Warren",2005,59,59,0,0,0,0,0,39,27,16,0,0,0,0,59
"Virginia","Winchester City",2005,60,60,0,0,0,0,0,38,30,19,0,0,0,0,60
"Virginia","Wythe",2005,210,133,65,12,0,0,0,147,93,46,0,0,210,0,0
"Washington","Adams",2005,365,329,36,0,0,0,0,68,50,29,0,0,0,365,0
"Washington","Asotin",2005,56,53,3,0,0,0,0,60,43,22,0,0,0,0,56
"Washington","Benton",2005,359,262,94,1,1,0,1,484,61,37,0,0,0,255,104
"Washington","Chelan",2005,349,221,126,2,0,0,0,115,68,40,0,0,0,349,0
"Washington","Clallam",2005,365,227,137,1,0,0,0,111,67,41,0,0,72,293,0
"Washington","Clark",2005,365,257,106,1,1,0,0,158,64,39,104,0,32,227,2
"Washington","Columbia",2005,352,301,51,0,0,0,0,81,53,27,0,0,0,352,0
"Washington","Cowlitz",2005,310,243,67,0,0,0,0,100,59,24,0,0,0,302,8
"Washington","Franklin",2005,365,318,47,0,0,0,0,75,52,26,0,0,0,365,0
"Washington","Grant",2005,365,302,63,0,0,0,0,72,55,32,0,0,0,365,0
"Washington","Grays Harbor",2005,365,320,45,0,0,0,0,65,52,29,0,0,0,365,0
"Washington","Jefferson",2005,365,283,82,0,0,0,0,83,56,34,0,0,0,365,0
"Washington","King",2005,365,86,265,14,0,0,0,135,80,56,0,5,14,346,0
"Washington","Kittitas",2005,355,259,96,0,0,0,0,92,61,38,0,0,0,355,0
"Washington","Klickitat",2005,213,186,27,0,0,0,0,84,54,36,0,0,127,86,0
"Washington","Lewis",2005,190,186,4,0,0,0,0,61,43,30,0,0,103,87,0
"Washington","Mason",2005,365,258,107,0,0,0,0,88,61,36,0,0,0,365,0
"Washington","Okanogan",2005,365,232,133,0,0,0,0,93,64,37,0,0,0,365,0
"Washington","Pierce",2005,365,137,214,14,0,0,0,134,86,54,0,0,69,296,0
"Washington","Skagit",2005,365,360,5,0,0,0,0,61,41,28,0,29,291,45,0
"Washington","Snohomish",2005,365,175,180,9,1,0,0,156,79,51,0,0,0,365,0
"Washington","Spokane",2005,365,160,197,8,0,0,0,107,79,52,2,0,72,283,8
"Washington","Stevens",2005,365,205,158,2,0,0,0,106,78,42,0,0,0,356,9
"Washington","Thurston",2005,365,228,135,2,0,0,0,130,69,41,0,0,59,306,0
"Washington","Walla Walla",2005,365,271,92,2,0,0,0,125,63,31,0,0,0,249,116
"Washington","Whatcom",2005,365,293,72,0,0,0,0,80,56,33,0,0,66,299,0
"Washington","Whitman",2005,365,332,33,0,0,0,0,65,48,28,0,0,0,365,0
"Washington","Yakima",2005,365,245,106,13,1,0,0,151,78,32,1,0,0,342,22
"West Virginia","Berkeley",2005,264,122,125,16,1,0,0,161,90,54,0,0,160,104,0
"West Virginia","Brooke",2005,365,246,111,8,0,0,0,147,78,28,20,0,0,122,223
"West Virginia","Cabell",2005,259,103,140,16,0,0,0,150,93,55,0,0,154,105,0
"West Virginia","Gilmer",2005,359,327,29,3,0,0,0,122,50,31,0,0,359,0,0
"West Virginia","Greenbrier",2005,213,160,50,3,0,0,0,129,71,44,0,0,213,0,0
"West Virginia","Hancock",2005,365,223,126,16,0,0,0,147,84,41,8,0,151,107,99
"West Virginia","Harrison",2005,119,28,90,1,0,0,0,113,83,59,0,0,0,119,0
"West Virginia","Kanawha",2005,364,196,146,20,2,0,0,154,87,46,0,0,139,115,110
"West Virginia","Marion",2005,118,22,94,2,0,0,0,122,84,61,0,0,0,118,0
"West Virginia","Marshall",2005,121,19,100,2,0,0,0,143,86,63,0,0,0,121,0
"West Virginia","Mercer",2005,86,26,60,0,0,0,0,96,84,57,0,0,0,86,0
"West Virginia","Monongalia",2005,261,123,122,15,1,0,0,161,93,52,0,0,160,101,0
"West Virginia","Ohio",2005,264,102,129,28,5,0,0,179,108,57,0,0,170,94,0
"West Virginia","Raleigh",2005,117,42,75,0,0,0,0,94,83,55,0,0,0,117,0
"West Virginia","Summers",2005,84,39,43,2,0,0,0,118,80,52,0,0,0,84,0
"West Virginia","Tucker",2005,364,272,86,6,0,0,0,143,70,39,0,0,288,76,0
"West Virginia","Wayne",2005,364,316,48,0,0,0,0,93,55,33,0,364,0,0,0
"West Virginia","Wood",2005,260,118,122,17,3,0,0,169,97,54,0,0,160,100,0
"Wisconsin","Ashland",2005,359,330,29,0,0,0,0,100,49,33,0,0,338,21,0
"Wisconsin","Brown",2005,244,146,86,11,1,0,0,182,84,44,0,0,148,96,0
"Wisconsin","Columbia",2005,185,122,50,13,0,0,0,150,90,44,0,0,185,0,0
"Wisconsin","Dane",2005,257,133,112,12,0,0,0,143,90,49,0,0,161,96,0
"Wisconsin","Dodge",2005,365,173,169,21,2,0,0,161,91,52,0,0,176,188,1
"Wisconsin","Door",2005,186,125,37,15,7,2,0,203,126,42,0,0,186,0,0
"Wisconsin","Douglas",2005,51,51,0,0,0,0,0,49,33,19,0,0,0,0,51
"Wisconsin","Eau Claire",2005,41,41,0,0,0,0,0,47,27,12,0,0,0,0,41
"Wisconsin","Florence",2005,176,140,33,3,0,0,0,133,77,39,0,0,176,0,0
"Wisconsin","Fond du Lac",2005,186,124,45,16,1,0,0,156,100,44,0,0,186,0,0
"Wisconsin","Forest",2005,350,294,51,5,0,0,0,140,64,37,0,0,329,20,1
"Wisconsin","Grant",2005,122,60,58,4,0,0,0,114,81,52,0,0,0,122,0
"Wisconsin","Jefferson",2005,185,116,52,16,1,0,0,159,100,45,0,0,185,0,0
"Wisconsin","Kenosha",2005,243,119,97,16,11,0,0,195,103,52,0,0,156,87,0
"Wisconsin","Kewaunee",2005,192,138,32,17,5,0,0,192,108,40,0,0,192,0,0
"Wisconsin","La Crosse",2005,7,0,7,0,0,0,0,95,95,68,0,0,0,7,0
"Wisconsin","Manitowoc",2005,239,145,69,16,7,2,0,205,103,44,0,2,155,82,0
"Wisconsin","Marathon",2005,186,143,37,5,1,0,0,156,80,43,0,0,186,0,0
"Wisconsin","Milwaukee",2005,365,215,118,20,11,1,0,203,97,45,5,92,161,106,1
"Wisconsin","Oneida",2005,184,140,40,4,0,0,0,133,74,41,0,0,184,0,0
"Wisconsin","Outagamie",2005,245,144,85,16,0,0,0,143,87,44,0,0,160,85,0
"Wisconsin","Ozaukee",2005,243,140,78,16,7,2,0,205,101,45,0,0,159,84,0
"Wisconsin","Racine",2005,185,131,34,13,7,0,0,182,105,42,0,0,185,0,0
"Wisconsin","Rock",2005,185,119,52,14,0,0,0,150,97,44,0,0,185,0,0
"Wisconsin","Sauk",2005,365,256,98,11,0,0,0,147,77,42,0,0,288,77,0
"Wisconsin","Sheboygan",2005,202,140,34,17,9,2,0,205,126,42,0,0,185,0,17
"Wisconsin","St. Croix",2005,296,213,78,3,2,0,0,155,66,39,0,0,214,82,0
"Wisconsin","Taylor",2005,292,226,66,0,0,0,0,96,61,37,0,0,209,83,0
"Wisconsin","Vernon",2005,203,153,45,4,1,0,0,166,80,44,0,0,203,0,0
"Wisconsin","Vilas",2005,210,156,49,5,0,0,0,129,74,41,0,0,176,31,3
"Wisconsin","Walworth",2005,186,114,50,20,2,0,0,161,105,46,0,0,186,0,0
"Wisconsin","Washington",2005,185,127,45,13,0,0,0,140,93,42,0,0,185,0,0
"Wisconsin","Waukesha",2005,336,202,108,25,1,0,0,159,90,43,0,0,134,100,102
"Wisconsin","Waupaca",2005,65,35,29,1,0,0,0,104,76,48,0,0,0,61,4
"Wyoming","Albany",2005,359,268,91,0,0,0,0,100,61,46,0,0,355,0,4
"Wyoming","Campbell",2005,365,210,143,12,0,0,0,131,74,47,0,28,167,28,142
"Wyoming","Converse",2005,298,280,17,1,0,0,0,125,42,18,0,177,0,18,103
"Wyoming","Fremont",2005,123,94,28,1,0,0,0,105,69,26,0,0,0,104,19
"Wyoming","Johnson",2005,115,114,1,0,0,0,0,52,23,8,0,0,0,115,0
"Wyoming","Laramie",2005,111,108,3,0,0,0,0,53,39,21,0,0,0,98,13
"Wyoming","Lincoln",2005,363,359,4,0,0,0,0,57,21,10,0,0,0,0,363
"Wyoming","Natrona",2005,91,91,0,0,0,0,0,41,26,14,0,0,0,0,91
"Wyoming","Park",2005,115,115,0,0,0,0,0,41,24,10,0,0,0,76,39
"Wyoming","Platte",2005,44,43,1,0,0,0,0,66,31,15,0,0,0,0,44
"Wyoming","Sheridan",2005,246,173,72,1,0,0,0,106,62,35,0,0,0,93,153
"Wyoming","Sublette",2005,365,175,175,12,3,0,0,179,84,51,0,19,338,7,1
"Wyoming","Sweetwater",2005,365,336,27,1,1,0,0,193,46,20,0,0,0,0,365
"Wyoming","Teton",2005,364,307,56,1,0,0,0,106,54,44,10,0,324,27,3
